x,y,yaw,ref_v
0.0,0.0,0.7853981633974483,14.142135623730951
0.523596383141958,0.5235892058122896,0.7853776012518457,14.141650987137883
1.0471784116245793,1.0471209941678479,0.7853159091774201,14.140197158409256
1.5707317311820672,1.5705379539064144,0.7852130702582109,14.137774380704347
2.0942419883356957,2.0937826864599813,0.7850690562905925,14.134383059313842
2.6176948307873147,2.616797812147191,0.7848838277677324,14.130023761697725
3.1410759078128283,3.139525976465668,0.784657333857817,14.124697217538417
3.664370870655627,3.661909856381584,0.7843895123760388,14.118404318809272
4.187565372919963,4.183892166615775,0.784080289750322,14.111146119858603
4.710645070964266,4.705415665925716,0.7837295809807735,14.102923837509314
5.233595624294383,5.226423163382672,0.783337289592831,14.093738851174445
5.756402695956727,5.746857524643329,0.7829033075840856,14.083592702988744
6.2790519529313364,6.266661678215211,0.7824275153647465,14.072487097956616
6.801529066524817,6.785778621715219,0.7819097816917171,14.060423904116657
7.323819712763167,7.304151428120579,0.7813499635962428,14.047405152723147
7.845909572784494,7.821723252011543,0.7807479063050945,14.033433038444818
8.367784333231548,8.338437335805112,0.7801034431552428,14.0185099195813
8.88942968664415,8.854237015979162,0.7794163955019772,14.002638318297617
9.410831331851432,9.36906572928623,0.7786865726204221,13.985820920877222
9.9319749743639,9.882867018956308,0.7779137716003985,13.968060577994038
10.452846326765346,10.395584540887965,0.7770977772345761,13.949360305003967
10.973431109104526,10.907162069827127,0.7762383618998582,13.929723282256484
11.49371504928666,11.417543505532786,0.7753352854319429,13.90915285542684
12.013683883464708,11.926672878929041,0.774388294992996,13.887652535869497
12.533323356430422,12.434494358242738,0.773397124932374,13.865226000993449
13.052619222005157,12.940952255126035,0.7723614966403296,13.841877094660077
13.571557243430437,13.445991030763283,0.7712811183946343,13.817609827604347
14.090123193758263,13.949555301961459,0.7701556852000496,13.79242837787994
14.60830285624116,14.451589847223579,0.7689848786205742,13.766337091329282
15.12608202472192,14.952039612804333,0.7677683666044006,13.739340482079154
15.643446504023087,15.450849718747373,0.7665058033015061,13.711443233062852
16.160382110336112,15.947965464903495,0.7651968288738098,13.682650196569707
16.676874671610225,16.44333233692916,0.7638410692978224,13.652966394822997
17.192910027940954,16.93689601226457,0.7624381361597194,13.622397020587115
17.70847403195833,17.42860236609076,0.7609876264427682,13.590947437805152
18.223552549214745,17.918397477265014,0.7594891223070395,13.5586231822678
18.73813145857246,18.406227634233897,0.7579421908613416,13.525429962314808
19.25219665259074,18.89203934092335,0.7563463839273087,13.491373659570025
19.765734037912612,19.375779322605144,0.7547012377955892,13.456460329711277
20.278729535651248,19.85739453173903,0.7530062729740755,13.420696203276247
20.79116908177593,20.33683215379001,0.7512609939281252,13.38408768650568
21.303038627497653,20.814039613020054,0.7494648888127305,13.346641362225132
21.81432413965425,21.28896457825363,0.747617429196596,13.30836399076669
22.325011601095134,21.761554968616373,0.745718069778095,13.269262510931991
22.83508701106557,22.23175895924637,0.7437662480930839,13.229344040998004
23.344536385590537,22.699524986977334,0.7417613842145622,13.18861587976699
23.853345757858087,23.164801755993086,0.7397028804441765,13.147085507662235
24.36150117860225,23.627538243452697,0.7375901209955834,13.10476058787099
24.868988716485475,24.08768370508576,0.7354224716696954,13.061648967536337
25.37579445848056,24.54518768075704,0.7331992795218535,13.017758678999467
25.881904510252074,25.0,0.7309198725209839,12.973097941094176
26.387304996537285,25.45207078751856,0.7285835592008215,12.927675160495136
26.89198206152657,25.90135046865651,0.7261896283032969,12.881498933121813
27.395921869243246,26.347789774833878,0.7237373484142136,12.83457804559969
27.89911060392292,26.791339748949827,0.7212259675913644,12.786921476780655
28.40153447039226,27.231951750751353,0.7186547129852675,12.738538399324359
28.903179694447157,27.6695774621672,0.7160227904527323,12.689438181342393
29.404032523230395,28.10416889260653,0.7133293841634979,12.639630388107161
29.904079225608665,28.535678384221587,0.710573656200231,12.589124783827348
30.403306092549027,28.96405861713394,0.7077547461522057,12.537931333491857
30.901699437494738,29.38926261462365,0.7048717707030305,12.486060204784163
31.39924559674049,29.811243748280784,0.7019238232128489,12.433521770068984
31.895930929806994,30.22995574311874,0.6989099732954772,12.380326608453151
32.39174181981494,30.64535268264882,0.6958292663910137,12.326485507922657
32.88666467385832,31.057389013915515,0.6926807233345099,12.272009467557657
33.380685923377094,31.466019552491876,0.6894633399213667,12.216909699827387
33.87379202452914,31.871199487434485,0.686176086470188,12.161197632966735
34.36596945856161,32.272884386197525,0.6828179073839102,12.104884913436278
34.857204732181515,32.67103019950527,0.6793877207101077,12.047983408467513
35.34748437792571,33.065593266182596,0.6758844177014708,11.990505208694845
35.83679495453002,33.45653031794291,0.6723068623775544,11.932462630876008
36.32512304729783,33.84379848413303,0.6686538910890023,11.873868220702239
36.812455268467794,34.22735529643443,0.6649243120855725,11.814734755699607
37.29877825758089,34.60715869352034,0.6611169050894137,11.755075248222706
37.78407868184671,34.983167025668266,0.6572304208751801,11.694902948541642
38.268343236508976,35.35533905932738,0.6532635808587186,11.63423134802327
38.751558645210295,35.72363398164017,0.6492150766962164,11.573074182407215
39.23371166035614,36.088011404918106,0.6450835698958698,11.51144543517713
39.71478906347806,36.448431371070576,0.6408676914443138,11.449359341027286
40.19477766559601,36.80485435598671,0.6365660414502411,11.386830389424322
40.67366430758001,37.1572412738697,0.6321771888078511,11.32387332826362
41.15143586051088,37.50555348152298,0.6276996708829854,11.260503167619436
41.62807922604011,37.849752782587814,0.6231319932250431,11.196735183587432
42.103581336749095,38.18980143173211,0.618472629308015,11.132584922217859
42.57792915650726,38.52566213878946,0.6137200203042483,11.068068203537068
43.051109680829505,38.857298072848536,0.6088725748948232,11.003201125654474
43.523109937232746,39.18467286629198,0.6039286691207357,10.938000068951487
43.99391698559151,39.50775061878451,0.5988866462793836,10.872481700348184
44.46351791849275,39.82649590120982,0.5937448168711931,10.806662977642798
44.931899861589656,40.140873759555724,0.588501458601575,10.740561153918225
45.399049973954675,40.45084971874737,0.5831548164437633,10.674193782008846
45.86495544843149,40.756389786427704,0.5777031027684865,10.607578719019944
46.329603511986164,41.05746045668519,0.5721444975468176,10.54073413089102
46.79298142605733,41.354028713728084,0.5664771486329828,10.473678496992957
47.255076486905395,41.646062035504976,0.5606991721343447,10.406430614747887
47.71587602596084,41.933528397271196,0.5548086528762383,10.339009604259072
48.17536741017152,42.21639627510074,0.5488036449698094,10.271434912936762
48.633538042349045,42.4946346493432,0.5426821724915014,10.203726320104217
49.09037536151408,42.76821300802533,0.5364422302833306,10.135903941566507
49.54586684324075,43.03710135019718,0.5300817848836097,10.067988234122685
49.99999999999999,43.30127018922193,0.5235987755982989,10.000000000000002
50.45276238150193,43.56069055600947,0.5169911157236915,9.931960391186653
50.90414157503713,43.81533400219318,0.5102566939316668,9.863890913637272
51.354125205817006,44.06517260324961,0.503393375829272,9.795813431322868
51.80270093731302,44.31017896156073,0.49639900570490797,9.727750170094392
52.24985647159488,44.55032620941839,0.4892714084738996,9.659723721326284
52.69557954966776,44.78558801197065,0.4820083918367108,9.591757045303412
53.13985795180828,45.015938570109675,0.4746077486635177,9.523873474311852
53.582679497899655,45.241352623300976,0.4670672596192662,9.456096715390508
54.02403204776549,45.46180545235342,0.4593846960437129,9.388450852697414
54.4639035015027,45.67727288213004,0.45155782310124465,9.320960349440778
54.90228179981317,45.88773128419905,0.4435844032155181,9.253650049321328
55.3391549243344,46.093157579425025,0.4354621998041033,9.186545177428613
55.77451089796901,46.29352924049974,0.4271889813283649,9.119671340529944
56.20833778521306,46.488824294412574,0.41876252567374644,9.053054526686743
56.64062369248328,46.67902132486009,0.4101806248754155,8.986721104128875
57.07135676844316,46.86409947459457,0.40144109020386537,8.920697819313405
57.50052520432786,47.04403844771127,0.3925417576245332,8.85501179409012
57.92811723426789,47.218818511874055,0.3834804936447551,8.78969052189195
58.35412113561175,47.388420500479285,0.3742552015604208,8.724761862864437
58.778525229247315,47.55282581475768,0.3648638281134832,8.660254037844386
59.201317879921945,47.71201642581384,0.3553043705700046,8.596195621094203
59.62248749656157,47.86597487660335,0.3455748842266403,8.53261553169476
60.04202253258839,48.014684283847146,0.33567349035137517,8.469543023496648
60.45991148623747,48.1581283398829,0.3255983845618717,8.407007673526769
60.876142900872054,48.29629131445341,0.3153478456419856,8.345039368745011
61.29070536529764,48.429158056431554,0.30492024479379254,8.283668291044105
61.703587514074854,48.5567139954818,0.294314055318849,8.222924900384797
62.11477802783103,48.67894514365801,0.28352786271836755,8.162839915958303
62.52426563357051,48.795838096937366,0.2725603751974931,8.103444295268904
62.93203910498374,48.90738003669028,0.2614104345539369,8.044769211031348
63.33808726275502,49.0135587310861,0.25007702742584326,7.986846025780847
63.74239897486896,49.11436253643443,0.2385592968679455,7.929706264097914
64.14496315691578,49.209780398462094,0.22685655421883377,7.873381582356124
64.54576877239505,49.299801853525246,0.21496829121552535,7.817903735908436
64.94480483301837,49.38441702975689,0.20289419230454778,7.763304543636934
65.34206039901053,49.46361664814941,0.1906341470914676,7.709615849801938
65.73752457940957,49.537392023572174,0.17818826286328177,7.6568694831394595
66.13118653236518,49.605735065723884,0.1655568771104342,7.605097213171154
66.52303546543608,49.66863828001983,0.1527405699674982,7.554330703707994
66.91306063588581,49.72609476841367,0.1397401764839234,7.504601463548376
67.30125135097734,49.77809823015401,0.1265567986287838,7.455940794392838
67.68759696826606,49.82464296247522,0.11319181692634615,7.408379736021267
68.07208689589177,49.8657238612229,0.09964690161265771,7.361949008804134
68.45471059286886,49.901336421413575,0.0859240231974069,7.316678953647056
68.8354575693754,49.93147673772869,0.07202546231021824,7.272599469497377
69.21431738704068,49.95614150494292,0.057953818706500654,7.229739948572478
69.59127965923143,49.975328018286575,0.04371201930516696,7.18812920950179
69.96633405133655,49.989034173742276,0.029303325129175686,7.147795428607687
70.33947028105038,49.997258468275604,0.014731337020102528,7.108766069584088
70.71067811865474,49.99999999999999,4.0061409736030434e-16,7.0710678118654755
71.07994738729924,49.99725846827561,6.268298913337393,7.034726478012166
71.44726796328032,49.989034173742276,6.253262103123236,6.999766960470131
71.81262977631887,49.975328018286575,6.238079864942228,6.966213148094165
72.17602280983621,49.95614150494292,6.222757532949869,6.934087852851651
72.53743710122875,49.93147673772869,6.207300782963867,6.903412737149587
72.89686274214114,49.901336421413575,6.191715626422196,6.8742082422494635
73.25428987873786,49.865723861222904,6.176008402334204,6.846493518252172
73.60970871197343,49.82464296247522,6.16018576719065,6.82028635614803
73.96310949786097,49.77809823015401,6.144254682819289,6.795603122434377
74.31448254773942,49.72609476841367,6.128222402194854,6.772458696804806
74.66381822853914,49.66863828001983,6.112096453235661,6.7508664134093666
75.01110696304595,49.60573506572389,6.095884620643207,6.730838006173765
75.35633923016378,49.53739202357218,6.079594925865608,6.712383558647543
75.69950556517563,49.46361664814942,6.063235605290058,6.6955114588264335
76.04059656000308,49.38441702975689,6.046815086793251,6.680228359362483
76.37960286346421,49.29980185352525,6.030341964801402,6.666539143537735
76.71651518152996,49.2097803984621,6.013824974032493,6.654446897333111
77.05132427757891,49.11436253643444,5.997272962112493,6.643952887874899
77.38402097265062,49.0135587310861,5.9806948612737605,6.635056548486882
77.71459614569707,48.90738003669028,5.964099659357562,6.6277554705180535
78.04304073383297,48.79583809693737,5.947496370353087,6.622045402054558
78.36934573258397,48.67894514365801,5.93089400471236,6.617920253561278
78.69350219613372,48.55671399548181,5.914301539683895,6.615372110434168
79.01550123756903,48.42915805643156,5.897727889907613,6.614391252380228
79.33533402912352,48.29629131445341,5.881181878509558,6.614966179479078
79.65299180241962,48.15812833988291,5.864672208927396,6.61708364471928
79.96846584870904,48.01468428384715,5.848207437686636,6.6207286927450655
80.28174751911145,47.86597487660337,5.8317959483334265,6.625884704495805
80.59282822485156,47.71201642581384,5.815445926712761,6.632533447372163
80.90169943749473,47.55282581475768,5.799165337761598,6.640655130520274
81.20835268918061,47.388420500479285,5.7829619039650195,6.650228464788761
81.51277957285541,47.218818511874055,5.766843085600704,6.661230726883647
81.81497174250234,47.04403844771128,5.750816062873091,6.6736378272233186
82.1149209133704,46.86409947459458,5.73488772001424,6.687424380979676
82.41261886220155,46.67902132486009,5.719064631403899,6.702563781782705
82.70805742745617,46.488824294412574,5.703353049737294,6.7190282775633206
83.00122850953674,46.293529240499744,5.687758896245878,6.7367890480136365
83.29212407100994,46.093157579425025,5.672287752954322,6.755816283153839
83.58073613682701,45.887731284199056,5.65694485693646,6.776079262510625
83.86705679454239,45.67727288213005,5.64173509651423,6.79754643443258
84.15107819453061,45.46180545235343,5.6266630093268875,6.820185495092834
84.4327925502015,45.24135262330098,5.611732782183176,6.843963466757539
84.71219213821371,45.015938570109675,5.59694825259674,6.868846774930134
84.98926929868638,44.78558801197065,5.582312911894946,6.894801324014701
85.26401643540922,44.550326209418394,5.567829909783317,6.921792571176849
85.53642601605065,44.31017896156074,5.553502060242107,6.949785598116341
85.80649057236445,44.065172603249614,5.539331848627785,6.978745180502014
86.07420270039435,43.81533400219318,5.525321439850478,7.008635854855379
86.33955506067717,43.560690556009476,5.511472687498432,7.039421982704719
86.60254037844386,43.30127018922194,5.497787143782138,7.071067811865474
86.8631514438191,43.03710135019719,5.48426607017379,7.103537534735468
87.12138111201894,42.768213008025334,5.470910448621956,7.136795343524318
87.3772223035465,42.494634649343205,5.457720993226596,7.170805482365265
87.63066800438637,42.21639627510076,5.444698162265583,7.205532296284329
87.88171126619653,41.93352839727121,5.431842170470665,7.240940277026087
88.13034520649921,41.646062035504976,5.419153001457894,7.27699410575738
88.37656300886934,41.3540287137281,5.406630420225136,7.31365869268997
88.62035792312147,41.057460456685206,5.394273985636872,7.350899213680435
88.86172326549487,40.756389786427725,5.382083062824258,7.388681143880611
89.10065241883677,40.450849718747364,5.370056835436031,7.4269702885247195
89.33713883278375,40.14087375955574,5.358194317683334,7.465732810950016
89.57117602394129,39.82649590120982,5.346494366128767,7.504935257956457
89.80275757606155,39.50775061878452,5.334955691176918,7.5445445826178545
90.03187714021934,39.184672866292004,5.323576868230152,7.584528164662035
90.25852843498605,38.85729807284855,5.312356348479659,7.62485382854125
90.48270524660195,38.52566213878948,5.301292469307485,7.665489859316184
90.70440142914649,38.189801431732114,5.290383464280576,7.706405016478004
90.92361090470685,37.849752782587835,5.27962747272273,7.747568545832566
91.14032766354453,37.50555348152299,5.269022548854799,7.788950189569978
91.35454576426008,37.15724127386972,5.258566670497401,7.830520194640608
91.5662593339561,36.80485435598672,5.248257747334025,7.872249319556081
91.7754625683981,36.44843137107058,5.238093628735499,7.914108839730464
91.98214973217375,36.088011404918106,5.228072111149569,7.956070551473237
92.18631515885005,35.72363398164018,5.218190945061728,7.998106774741373
92.38795325112868,35.355339059327385,5.2084478415354685,8.040190354753587
92.58705848099947,34.98316702566829,5.198840478341848,8.08229466256506
92.783625389892,34.60715869352034,5.189366505689703,8.124393594696276
92.97764858882513,34.227355296434446,5.180023551569025,8.166461571904632
93.16912275855489,33.84379848413306,5.170809226720877,8.208473537182723
93.35804264972018,33.45653031794292,5.161721129248011,8.250404953062178
93.54440308298673,33.06559326618261,5.152756848880792,8.29223179829726
93.72819894918915,32.67103019950528,5.143913970913394,8.333930563997564
93.90942520947091,32.272884386197546,5.135190079825419,8.375478249274662
94.08807689542255,31.871199487434495,5.126582762604133,8.416852356463
94.26414910921783,31.466019552491886,5.118089611782441,8.458030885971002
94.4376370237481,31.057389013915518,5.109708228207566,8.498992330814328
94.60853588275452,30.645352682648838,5.1014362235551545,8.539715670879108
94.77684100095857,30.22995574311875,5.09327122260319,8.58018036695928
94.94254776419038,29.811243748280805,5.085210865279745,8.620366354608592
95.10565162951535,29.389262614623657,5.077252808498173,8.660254037844386
95.26614812535861,28.96405861713395,5.069394727792859,8.699824282737062
95.42403285162769,28.535678384221608,5.0616343187682045,8.739058410916218
95.579301479833,28.10416889260654,5.053969298372971,8.777938193021514
95.73194975320672,27.669577462167226,5.046397406011631,8.816445842123693
95.8819734868193,27.231951750751367,5.038916404503789,8.85456400713885
96.02936856769429,26.79133974894985,5.031524080902281,8.892275766256514
96.17413095492114,26.34778977483389,5.024218247179957,8.92956462040021
96.31625667976581,25.90135046865653,5.016996740794688,8.966414486737033
96.45574184577981,25.452070787518572,5.0098574251415915,9.002809692251002
96.59258262890683,25.000000000000018,5.002798189900975,9.038734967393284
96.72677527758768,24.54518768075705,4.995816951290021,9.0741754398208
96.85831611286311,24.08768370508578,4.988911652225736,9.109116628233313
96.98720152847467,23.627538243452705,4.982080262406263,9.143544436317766
97.1134279909636,23.1648017559931,4.975320778317174,9.177445146807516
97.23699203976766,22.699524986977345,4.968631223168986,9.210805415662913
97.35789028731602,22.23175895924639,4.962009646771677,9.24361226637877
97.47611941912217,21.761554968616398,4.955454125351662,9.27585308442333
97.59167619387473,21.288964578253644,4.948962761316246,9.307515611812503
97.70455744352635,20.81403961302008,4.942533682970296,9.338587941822459
97.81476007338055,20.33683215379002,4.936165044189463,9.369058513842939
97.92228106217658,19.857394531739054,4.92985502405405,9.3989161083731
98.02711746217219,19.375779322605162,4.923601826447256,9.428149842161144
98.12926639922452,18.892039340923375,4.917403679621287,9.456749163488498
98.22872507286885,18.406227634233908,4.911258835734546,9.484703847598933
98.32549075639545,17.91839747726503,4.905165570362855,9.512003992272586
98.41956079692419,17.428602366090768,4.899122181987465,9.538640013544555
98.51093261547739,16.936896012264587,4.893126991462334,9.564602641567404
98.59960370705049,16.443332336929167,4.887178341462987,9.589882916616757
98.68557164068072,15.947965464903513,4.881274595919086,9.614472185238798
98.76883405951378,15.450849718747378,4.875414139432613,9.638362096538483
98.84938868086836,14.95203961280435,4.869595376683449,9.661544598606962
98.92723329629884,14.451589847223605,4.863816731823942,9.684011935086698
99.00236577165575,13.949555301961475,4.858076647863926,9.705756641872574
99.07478404714436,13.44599103076331,4.852373586047512,9.726771543947272
99.14448613738104,12.94095225512605,4.8467060252228436,9.747049752349094
99.21147013144778,12.434494358242763,4.841072461205893,9.766584661270366
99.27573419294455,11.926672878929056,4.835471406139263,9.78536994528459
99.33727656003964,11.417543505532809,4.829901387846859,9.80339955670035
99.39609554551797,10.907162069827137,4.8243609491852,9.820667723040199
99.45218953682733,10.395584540887988,4.818848647392048,9.837168944642546
99.50555699612262,9.882867018956315,4.813363053432963,9.852897992384722
99.556196460308,9.36906572928625,4.807902751346297,9.867849905525423
99.60410654107696,8.854237015979173,4.802466337587102,9.882019989664688
99.64928592495043,8.33843733580513,4.797052420370332,9.895403814819726
99.6917333733128,7.821723252011571,4.791659619013673,9.907997213614909
99.73144772244581,7.304151428120597,4.786286563280292,9.91979627958427
99.76842788356053,6.785778621715246,4.780931892721733,9.930797365585036
99.80267284282715,6.266661678215227,4.775594256021144,9.94099708232065
99.83418166140284,5.746857524643356,4.770272310336987,9.950392296971923
99.86295347545739,5.2264231633826865,4.764964720647331,9.958980131935027
99.888987496197,4.70541566592574,4.759670159094824,9.966757963665037
99.91228300988584,4.183892166615786,4.7543873043323535,9.973723421623944
99.93283937786562,3.6619098563816066,4.749114840869453,9.979874387332064
99.95065603657316,3.1395259764656793,4.74385145841942,9.985208993521884
99.96573249755572,2.616797812147212,4.73859585124713,9.989725623393516
99.97806834748455,2.0937826864599907,4.733346717517492,9.993422909970953
99.98766324816606,1.5705379539064341,4.728102758644493,9.996299735558505
99.99451693655121,1.0471209941678554,4.722862678640745,9.998355231296827
99.99862922474267,0.5235892058123075,4.71762518346745,9.999588776818106
100.0,2.8327694488239898e-14,4.71238898038469,10.0
99.99862922474267,-0.5235892058122731,4.70715277730193,9.999588776818106
99.99451693655121,-1.047120994167821,4.701915282128635,9.998355231296827
99.98766324816606,-1.5705379539063997,4.6966752021248865,9.996299735558505
99.97806834748455,-2.093782686459956,4.691431243251888,9.993422909970953
99.96573249755572,-2.616797812147178,4.68618210952225,9.989725623393516
99.95065603657316,-3.139525976465645,4.680926502349959,9.985208993521884
99.93283937786562,-3.661909856381572,4.675663119899927,9.979874387332064
99.91228300988584,-4.183892166615752,4.670390656437027,9.973723421623943
99.888987496197,-4.705415665925705,4.665107801674555,9.966757963665035
99.86295347545739,-5.226423163382652,4.659813240122048,9.958980131935027
99.83418166140284,-5.746857524643322,4.654505650432394,9.950392296971923
99.80267284282715,-6.2666616782151925,4.649183704748236,9.94099708232065
99.76842788356053,-6.785778621715189,4.643846068047647,9.93079736558504
99.73144772244581,-7.304151428120562,4.638491397489088,9.919796279584272
99.6917333733128,-7.821723252011516,4.633118341755707,9.907997213614909
99.64928592495043,-8.338437335805098,4.627725540399047,9.895403814819728
99.60410654107696,-8.854237015979137,4.622311623182277,9.882019989664688
99.556196460308,-9.369065729286216,4.616875209423084,9.867849905525425
99.50555699612264,-9.882867018956283,4.6114149073364175,9.852897992384726
99.45218953682733,-10.395584540887953,4.605929313377331,9.837168944642547
99.39609554551797,-10.907162069827102,4.600417011584179,9.820667723040204
99.33727656003964,-11.417543505532775,4.59487657292252,9.80339955670035
99.27573419294455,-11.926672878929022,4.589306554630117,9.78536994528459
99.21147013144778,-12.434494358242729,4.583705499563488,9.766584661270368
99.14448613738105,-12.94095225512602,4.578071935546537,9.747049752349094
99.07478404714436,-13.445991030763276,4.572404374721868,9.726771543947272
99.00236577165576,-13.949555301961444,4.566701312905454,9.705756641872576
98.92723329629884,-14.45158984722355,4.5609612289454375,9.6840119350867
98.84938868086836,-14.952039612804317,4.55518258408593,9.661544598606962
98.76883405951378,-15.450849718747344,4.549363821336767,9.638362096538483
98.68557164068073,-15.947965464903483,4.543503364850293,9.6144721852388
98.5996037070505,-16.44333233692914,4.537599619306392,9.589882916616759
98.5109326154774,-16.936896012264555,4.531650969307045,9.564602641567406
98.4195607969242,-17.42860236609074,4.525655778781914,9.538640013544555
98.32549075639547,-17.918397477265,4.519612390406525,9.512003992272586
98.22872507286887,-18.406227634233872,4.5135191250348345,9.484703847598935
98.12926639922452,-18.892039340923343,4.507374281148092,9.4567491634885
98.02711746217219,-19.375779322605126,4.501176134322123,9.428149842161147
97.92228106217658,-19.857394531739022,4.49492293671533,9.398916108373104
97.81476007338057,-20.33683215378999,4.488612916579917,9.36905851384294
97.70455744352637,-20.81403961302005,4.482244277799083,9.33858794182246
97.59167619387475,-21.288964578253612,4.475815199453133,9.307515611812505
97.47611941912218,-21.76155496861635,4.469323835417718,9.275853084423334
97.35789028731602,-22.231758959246356,4.462768313997703,9.243612266378772
97.23699203976767,-22.699524986977313,4.4561467376003945,9.210805415662916
97.1134279909636,-23.164801755993068,4.449457182452205,9.177445146807518
96.98720152847469,-23.627538243452676,4.4426976983631175,9.14354443631777
96.85831611286312,-24.08768370508575,4.435866308543643,9.109116628233313
96.72677527758768,-24.545187680757017,4.428961009479359,9.074175439820802
96.59258262890683,-24.999999999999986,4.421979770868404,9.038734967393285
96.45574184577981,-25.45207078751854,4.414920535627789,9.002809692251002
96.31625667976581,-25.9013504686565,4.407781219974692,8.966414486737035
96.17413095492114,-26.347789774833856,4.400559713589423,8.929564620400214
96.0293685676943,-26.791339748949824,4.393253879867098,8.892275766256514
95.88197348681932,-27.23195175075134,4.38586155626559,8.854564007138851
95.73194975320673,-27.669577462167176,4.378380554757749,8.816445842123697
95.57930147983302,-28.104168892606516,4.370808662396408,8.777938193021516
95.4240328516277,-28.535678384221562,4.363143642001177,8.739058410916224
95.26614812535863,-28.964058617133922,4.3553832329765205,8.699824282737064
95.10565162951536,-29.38926261462363,4.347525152271206,8.660254037844389
94.9425477641904,-29.811243748280777,4.339567095489635,8.620366354608596
94.77684100095858,-30.229955743118722,4.3315067381661905,8.580180366959281
94.60853588275454,-30.645352682648813,4.323341737214225,8.53971567087911
94.43763702374811,-31.057389013915497,4.315069732561813,8.498992330814334
94.26414910921784,-31.46601955249186,4.306688348986938,8.458030885971002
94.08807689542256,-31.871199487434467,4.2981951981652475,8.416852356463004
93.90942520947092,-32.272884386197525,4.289587880943961,8.375478249274668
93.72819894918916,-32.67103019950526,4.280863989855987,8.333930563997566
93.54440308298673,-33.06559326618259,4.272021111888588,8.292231798297262
93.35804264972019,-33.45653031794289,4.263056831521368,8.250404953062183
93.1691227585549,-33.84379848413301,4.253968734048503,8.208473537182726
92.97764858882515,-34.22735529643442,4.244754409200354,8.166461571904636
92.78362538989201,-34.60715869352032,4.235411455079676,8.124393594696278
92.58705848099949,-34.98316702566826,4.225937482427533,8.082294662565063
92.38795325112868,-35.35533905932735,4.216330119233911,8.04019035475359
92.18631515885006,-35.72363398164016,4.206587015707651,7.998106774741376
91.98214973217378,-36.08801140491809,4.1967058496198115,7.956070551473241
91.77546256839813,-36.44843137107057,4.186684332033881,7.914108839730467
91.56625933395611,-36.8048543559867,4.176520213435355,7.872249319556085
91.3545457642601,-37.1572412738697,4.1662112902719795,7.830520194640611
91.14032766354454,-37.50555348152296,4.155755411914582,7.788950189569981
90.92361090470686,-37.849752782587814,4.145150488046649,7.747568545832567
90.7044014291465,-38.189801431732114,4.134394496488804,7.706405016478006
90.48270524660197,-38.525662138789436,4.123485491461895,7.665489859316187
90.25852843498608,-38.85729807284853,4.1124216122897215,7.624853828541252
90.03187714021935,-39.18467286629198,4.101201092539228,7.5845281646620375
89.80275757606158,-39.50775061878449,4.089822269592462,7.54454458261786
89.5711760239413,-39.826495901209796,4.078283594640613,7.504935257956461
89.33713883278375,-40.14087375955571,4.066583643086046,7.465732810950018
89.10065241883679,-40.450849718747364,4.054721125333348,7.4269702885247195
88.8617232654949,-40.75638978642769,4.042694897945122,7.388681143880615
88.62035792312149,-41.05746045668519,4.0305039751325085,7.350899213680438
88.37656300886934,-41.35402871372808,4.018147540544244,7.313658692689972
88.13034520649923,-41.646062035504976,4.005624959311485,7.27699410575738
87.88171126619656,-41.93352839727118,3.9929357902987155,7.240940277026091
87.63066800438637,-42.216396275100735,3.980079798503797,7.205532296284334
87.37722230354653,-42.49463464934319,3.967056967542784,7.170805482365266
87.12138111201895,-42.768213008025334,3.953867512147423,7.136795343524319
86.86315144381915,-43.03710135019717,3.9405118905955905,7.103537534735471
86.60254037844388,-43.30127018922192,3.926990816987242,7.071067811865477
86.33955506067717,-43.56069055600946,3.913305273270948,7.039421982704721
86.07420270039438,-43.815334002193154,3.8994565209189025,7.008635854855383
85.80649057236447,-44.06517260324959,3.885446112141595,6.978745180502017
85.53642601605067,-44.31017896156072,3.871275900527273,6.949785598116344
85.26401643540923,-44.550326209418394,3.856948050986063,6.921792571176849
84.98926929868641,-44.785588011970624,3.842465048874435,6.894801324014705
84.71219213821372,-45.01593857010966,3.82782970817264,6.868846774930136
84.43279255020151,-45.24135262330096,3.8130451785862047,6.843963466757541
84.15107819453061,-45.461805452353424,3.7981149514424923,6.820185495092834
83.86705679454242,-45.677272882130026,3.783042864255151,6.797546434432581
83.58073613682704,-45.88773128419905,3.7678331038329205,6.776079262510628
83.29212407100995,-46.09315757942502,3.752490207815058,6.755816283153843
83.00122850953677,-46.29352924049972,3.7370190645235026,6.736789048013638
82.70805742745621,-46.48882429441257,3.7214249110320865,6.719028277563322
82.41261886220158,-46.67902132486008,3.7057133293654805,6.702563781782705
82.11492091337041,-46.864099474594575,3.68989024075514,6.687424380979676
81.81497174250238,-47.044038447711266,3.67396189789629,6.673637827223319
81.51277957285544,-47.21881851187404,3.657934875168677,6.661230726883647
81.20835268918064,-47.388420500479285,3.641816056804361,6.650228464788762
80.90169943749474,-47.55282581475767,3.6256126230077825,6.640655130520274
80.5928282248516,-47.71201642581383,3.60933203405662,6.632533447372164
80.28174751911146,-47.86597487660335,3.5929820124359537,6.625884704495805
79.96846584870907,-48.01468428384715,3.576570523082744,6.6207286927450655
79.65299180241963,-48.15812833988291,3.560105751841984,6.61708364471928
79.33533402912354,-48.296291314453406,3.543596082259822,6.614966179479078
79.01550123756905,-48.42915805643155,3.527050070861767,6.614391252380227
78.69350219613374,-48.55671399548179,3.510476421085485,6.615372110434168
78.36934573258401,-48.678945143658,3.4938839560570214,6.6179202535612776
78.043040733833,-48.79583809693736,3.4772815904162937,6.622045402054556
77.7145961456971,-48.90738003669028,3.4606783014118174,6.6277554705180535
77.38402097265063,-49.01355873108609,3.4440830994956197,6.635056548486882
77.05132427757894,-49.11436253643442,3.4275049986568877,6.643952887874898
76.71651518152997,-49.20978039846209,3.410952986736887,6.654446897333111
76.37960286346424,-49.29980185352525,3.394435995967978,6.666539143537733
76.04059656000311,-49.38441702975689,3.3779628739761285,6.6802283593624825
75.69950556517567,-49.46361664814941,3.3615423554793233,6.695511458826431
75.3563392301638,-49.537392023572174,3.345183034903772,6.712383558647543
75.01110696304598,-49.60573506572389,3.3288933401261733,6.730838006173765
74.66381822853914,-49.66863828001982,3.312681507533719,6.7508664134093666
74.31448254773944,-49.72609476841366,3.296555558574526,6.772458696804803
73.96310949786098,-49.778098230153994,3.280523277950091,6.7956031224343745
73.60970871197344,-49.82464296247521,3.2645921935787303,6.82028635614803
73.25428987873791,-49.865723861222904,3.248769558435177,6.846493518252169
72.89686274214118,-49.901336421413575,3.233062334347184,6.874208242249459
72.53743710122879,-49.9314767377287,3.2174771778055127,6.903412737149585
72.17602280983623,-49.95614150494291,3.202020427819511,6.934087852851649
71.81262977631891,-49.975328018286575,3.1866980958271522,6.9662131480941625
71.44726796328035,-49.98903417374227,3.1715158576461446,6.999766960470128
71.07994738729926,-49.997258468275604,3.156479047431987,7.034726478012163
70.71067811865476,-50.0,3.141592653589793,7.071067811865474
70.33947028105042,-49.99725846827561,3.126861316569692,7.108766069584085
69.96633405133656,-49.98903417374227,3.1122893284606183,7.147795428607684
69.59127965923145,-49.97532801828658,3.097880634284627,7.18812920950179
69.21431738704068,-49.95614150494291,3.083638834883293,7.229739948572477
68.83545756937542,-49.931476737728694,3.0695671912795763,7.272599469497375
68.45471059286888,-49.901336421413575,3.0556686303923875,7.316678953647053
68.07208689589179,-49.865723861222904,3.0419457519771362,7.3619490088041335
67.6875969682661,-49.82464296247522,3.0284008366634487,7.408379736021262
67.30125135097737,-49.77809823015401,3.0150358549610106,7.455940794392833
66.91306063588584,-49.72609476841367,3.0018524771058708,7.504601463548371
66.5230354654361,-49.66863828001982,2.988852083622296,7.5543307037079925
66.13118653236522,-49.6057350657239,2.9760357764793604,7.605097213171151
65.7375245794096,-49.53739202357218,2.9634043907265126,7.656869483139455
65.34206039901056,-49.46361664814942,2.9509585064983264,7.709615849801933
64.94480483301838,-49.3844170297569,2.9386984612852456,7.763304543636933
64.54576877239508,-49.299801853525246,2.9266243623742687,7.8179037359084305
64.14496315691581,-49.2097803984621,2.9147360993709603,7.873381582356119
63.74239897486898,-49.114362536434435,2.9030333567218483,7.929706264097911
63.33808726275502,-49.01355873108609,2.89151562616395,7.986846025780845
62.93203910498377,-48.90738003669029,2.8801822190358575,8.044769211031344
62.52426563357054,-48.79583809693738,2.869032278392301,8.103444295268902
62.11477802783105,-48.67894514365802,2.8580647908714263,8.1628399159583
61.7035875140749,-48.55671399548181,2.8472785982709454,8.222924900384792
61.29070536529768,-48.429158056431575,2.8366724087960016,8.283668291044101
60.87614290087209,-48.29629131445343,2.826244807947808,8.345039368745006
60.459911486237495,-48.158128339882914,2.815994269027922,8.407007673526767
60.04202253258845,-48.01468428384717,2.805919163238419,8.469543023496641
59.622487496561604,-47.865974876603374,2.7960177693631536,8.532615531694754
59.201317879921966,-47.71201642581384,2.7862882830197893,8.596195621094198
58.77852522924732,-47.55282581475768,2.7767288254763103,8.660254037844386
58.35412113561179,-47.3884205004793,2.7673374520293734,8.72476186286443
57.92811723426791,-47.21881851187407,2.7581121599450387,8.789690521891945
57.50052520432787,-47.04403844771128,2.74905089596526,8.855011794090116
57.071356768443216,-46.864099474594596,2.740151563385929,8.920697819313398
56.64062369248332,-46.6790213248601,2.7314120287143786,8.986721104128872
56.20833778521308,-46.48882429441258,2.722830127916047,9.05305452668674
55.77451089796903,-46.293529240499744,2.7144036722614286,9.11967134052994
55.339154924334444,-46.09315757942504,2.7061304537856907,9.186545177428606
54.9022817998132,-45.88773128419907,2.6980082503742757,9.253650049321323
54.46390350150273,-45.677272882130055,2.6900348304885493,9.320960349440771
54.024032047765516,-45.46180545235343,2.6822079575460807,9.38845085269741
53.5826794978997,-45.241352623301,2.674525393970528,9.456096715390501
53.13985795180831,-45.01593857010968,2.6669849049262764,9.523873474311845
52.69557954966777,-44.785588011970646,2.659584261753083,9.591757045303408
52.24985647159489,-44.550326209418394,2.652321245115894,9.659723721326282
51.80270093731306,-44.31017896156076,2.645193647884886,9.727750170094387
51.354125205817034,-44.06517260324962,2.638199277760522,9.795813431322864
50.904141575037144,-43.81533400219319,2.6313359596581267,9.863890913637269
50.45276238150197,-43.5606905560095,2.6246015378661025,9.931960391186646
50.000000000000036,-43.30127018922195,2.617993877991495,9.999999999999996
49.54586684324077,-43.03710135019719,2.611510868706184,10.06798823412268
49.0903753615141,-42.76821300802534,2.605150423306463,10.135903941566504
48.633538042349095,-42.494634649343226,2.5989104810982924,10.20372632010421
48.17536741017156,-42.21639627510077,2.5927890086199845,10.271434912936757
47.71587602596086,-41.93352839727121,2.586784000713555,10.33900960425907
47.25507648690541,-41.64606203550498,2.5808934814554485,10.406430614747885
46.79298142605738,-41.35402871372812,2.575115504956811,10.473678496992951
46.32960351198621,-41.05746045668522,2.569448156042976,10.540734130891014
45.864955448431516,-40.756389786427725,2.563889550821307,10.60757871901994
45.39904997395469,-40.45084971874738,2.55843783714603,10.674193782008842
44.9318998615897,-40.14087375955575,2.5530911949882187,10.74056115391822
44.46351791849278,-39.82649590120983,2.5478478367186006,10.806662977642791
43.99391698559153,-39.50775061878453,2.54270600731041,10.872481700348178
43.523109937232796,-39.18467286629202,2.537663984469058,10.938000068951482
43.051109680829555,-38.85729807284857,2.5327200786949704,11.00320112565447
42.57792915650729,-38.52566213878948,2.5278726332855452,11.068068203537063
42.103581336749116,-38.18980143173212,2.5231200242817784,11.132584922217857
41.62807922604016,-37.84975278258785,2.5184606603647506,11.196735183587426
41.15143586051091,-37.505553481522995,2.513892982706808,11.260503167619433
40.67366430758004,-37.15724127386972,2.5094154647819424,11.32387332826362
40.19477766559603,-36.80485435598673,2.5050266121395524,11.38683038942432
39.71478906347811,-36.44843137107061,2.50072496214548,11.449359341027279
39.23371166035618,-36.08801140491813,2.496509083693924,11.511445435177126
38.75155864521032,-35.723633981640184,2.492377576893577,11.573074182407211
38.26834323650899,-35.355339059327385,2.4883290727310747,11.63423134802327
37.78407868184675,-34.9831670256683,2.4843622327146133,11.694902948541639
37.29877825758092,-34.60715869352036,2.48047574850038,11.7550752482227
36.812455268467815,-34.227355296434446,2.476668341504221,11.814734755699604
36.325123047297886,-33.84379848413308,2.4729387625007915,11.873868220702231
35.83679495453006,-33.45653031794294,2.469285791212239,11.932462630876005
35.34748437792574,-33.06559326618262,2.465708235888323,11.990505208694843
34.857204732181536,-32.67103019950528,2.462204932879686,12.047983408467507
34.36596945856165,-32.27288438619757,2.4587747462058833,12.104884913436274
33.87379202452917,-31.871199487434513,2.4554165671196055,12.16119763296673
33.380685923377115,-31.46601955249189,2.4521293136684266,12.216909699827385
32.88666467385834,-31.057389013915532,2.4489119302552833,12.272009467557655
32.39174181981498,-30.64535268264886,2.44576338719878,12.326485507922651
31.895930929807033,-30.229955743118772,2.4426826802943165,12.380326608453148
31.399245596740517,-29.81124374828081,2.4396688303769447,12.43352177006898
30.901699437494752,-29.389262614623664,2.436720882886763,12.486060204784163
30.40330609254907,-28.96405861713398,2.4338379074375878,12.537931333491851
29.904079225608697,-28.53567838422161,2.4310189973895624,12.589124783827346
29.404032523230416,-28.10416889260655,2.428263269426296,12.63963038810716
28.90317969444721,-27.66957746216725,2.4255698631370612,12.689438181342389
28.401534470392303,-27.23195175075139,2.422937940604526,12.738538399324355
27.899110603922956,-26.79133974894986,2.420366685998429,12.786921476780652
27.39592186924326,-26.347789774833892,2.41785530517558,12.83457804559969
26.89198206152662,-25.901350468656553,2.4154030252864964,12.88149893312181
26.387304996537324,-25.452070787518593,2.413009094388972,12.927675160495133
25.881904510252102,-25.00000000000002,2.4106727810688096,12.973097941094172
25.375794458480577,-24.545187680757053,2.40839337406794,13.017758678999467
24.868988716485525,-24.087683705085805,2.406170181920098,13.061648967536332
24.361501178602285,-23.627538243452733,2.40400253259421,13.104760587870988
23.85334575785811,-23.164801755993107,2.401889773145617,13.147085507662231
23.344536385590594,-22.699524986977387,2.3998312693752313,13.188615879766989
22.835087011065617,-22.231758959246413,2.3978264054967093,13.229344040998
22.32501160109517,-21.761554968616405,2.3958745838116986,13.26926251093199
21.814324139654275,-21.28896457825365,2.393975224393197,13.308363990766688
21.30303862749771,-20.814039613020107,2.392127764777063,13.346641362225128
20.791169081775973,-20.33683215379005,2.390331659661668,13.384087686505676
20.278729535651276,-19.857394531739057,2.3885863806157177,13.420696203276245
19.765734037912633,-19.375779322605165,2.386891415794204,13.456460329711273
19.25219665259079,-18.892039340923397,2.3852462696624848,13.491373659570021
18.7381314585725,-18.406227634233932,2.383650462728452,13.525429962314806
18.223552549214773,-17.91839747726504,2.3821035312827537,13.558623182267798
17.708474031958342,-17.42860236609077,2.380605027147025,13.59094743780515
17.192910027941004,-16.936896012264615,2.379154517430074,13.622397020587115
16.67687467161026,-16.443332336929195,2.3777515842919708,13.652966394822993
16.160382110336137,-15.94796546490352,2.3763958247159835,13.682650196569707
15.643446504023142,-15.450849718747424,2.3750868502882874,13.711443233062848
15.126082024721965,-14.952039612804375,2.3738242869853927,13.739340482079152
14.608302856241192,-14.451589847223609,2.372607774969219,13.76633709132928
14.090123193758286,-13.949555301961482,2.3714369683897436,13.79242837787994
13.57155724343049,-13.445991030763334,2.370311535195159,13.817609827604343
13.052619222005198,-12.940952255126076,2.3692311569494637,13.841877094660077
12.533323356430454,-12.434494358242768,2.3681955286574192,13.865226000993445
12.013683883464727,-11.926672878929061,2.3672043585967972,13.887652535869497
11.493715049286712,-11.417543505532837,2.3662573681578505,13.90915285542684
10.973431109104565,-10.907162069827164,2.3653542916899353,13.92972328225648
10.452846326765373,-10.395584540887992,2.3644948763552174,13.949360305003964
9.931974974363916,-9.882867018956322,2.3636788819893946,13.968060577994034
9.41083133185148,-9.369065729286278,2.3629060809693714,13.985820920877222
8.889429686644187,-8.8542370159792,2.3621762580878163,14.002638318297613
8.367784333231572,-8.338437335805137,2.3614892104345504,14.0185099195813
7.845909572784551,-7.8217232520116,2.3608447472846987,14.033433038444818
7.323819712763213,-7.304151428120625,2.3602426899935507,14.047405152723144
6.801529066524849,-6.785778621715251,2.3596828718980762,14.060423904116655
6.279051952931358,-6.2666616782152325,2.3591651382250465,14.072487097956616
5.756402695956782,-5.746857524643383,2.3586893460057077,14.083592702988744
5.233595624294425,-5.226423163382715,2.358255363996962,14.093738851174445
4.710645070964295,-4.705415665925745,2.3578630726090197,14.102923837509314
4.187565372919981,-4.183892166615793,2.3575123638394713,14.111146119858603
3.664370870655678,-3.661909856381635,2.3572031412137546,14.118404318809272
3.1410759078128683,-3.1395259764657077,2.3569353197319765,14.124697217538417
2.617694830787342,-2.6167978121472184,2.3567088258220608,14.130023761697725
2.094241988335711,-2.0937826864599964,2.356523597299201,14.134383059313842
1.5707317311821154,-1.5705379539064626,2.3563795833315826,14.137774380704347
1.0471784116246152,-1.0471209941678838,2.3562767444123733,14.140197158409256
0.5235963831419821,-0.5235892058123137,2.3562150523379475,14.141650987137883
5.6655388976479795e-14,-5.6655388976479795e-14,2.356194490192345,14.142135623730951
-0.5235963831419133,0.5235892058122449,2.3562150523379475,14.141650987137883
-1.0471784116245462,1.0471209941678148,2.3562767444123733,14.140197158409256
-1.5707317311820463,1.5705379539063935,2.3563795833315826,14.137774380704347
-2.0942419883356425,2.093782686459928,2.356523597299201,14.134383059313842
-2.6176948307872734,2.6167978121471496,2.3567088258220608,14.130023761697725
-3.1410759078127994,3.139525976465639,2.3569353197319765,14.124697217538417
-3.6643708706556097,3.6619098563815666,2.3572031412137546,14.118404318809272
-4.187565372919912,4.183892166615724,2.3575123638394713,14.111146119858603
-4.710645070964227,4.705415665925677,2.3578630726090197,14.102923837509314
-5.233595624294356,5.226423163382646,2.358255363996962,14.093738851174445
-5.756402695956713,5.746857524643315,2.3586893460057077,14.083592702988744
-6.27905195293129,6.266661678215165,2.3591651382250465,14.07248709795662
-6.801529066524781,6.785778621715184,2.3596828718980762,14.060423904116657
-7.323819712763145,7.304151428120557,2.3602426899935502,14.047405152723147
-7.8459095727844375,7.821723252011488,2.3608447472846987,14.033433038444821
-8.367784333231503,8.338437335805068,2.3614892104345504,14.0185099195813
-8.88942968664412,8.854237015979132,2.362176258087816,14.002638318297617
-9.41083133185141,9.36906572928621,2.3629060809693714,13.985820920877222
-9.931974974363847,9.882867018956254,2.3636788819893946,13.968060577994041
-10.452846326765306,10.395584540887926,2.364494876355217,13.949360305003967
-10.973431109104496,10.907162069827097,2.365354291689935,13.929723282256486
-11.493715049286642,11.417543505532768,2.3662573681578505,13.909152855426843
-12.01368388346466,11.926672878928995,2.3672043585967972,13.887652535869503
-12.533323356430385,12.4344943582427,2.3681955286574192,13.865226000993449
-13.052619222005132,12.940952255126012,2.3692311569494637,13.84187709466008
-13.57155724343038,13.445991030763228,2.370311535195159,13.817609827604349
-14.09012319375822,13.949555301961418,2.3714369683897436,13.792428377879943
-14.608302856241126,14.451589847223545,2.372607774969219,13.766337091329282
-15.126082024721896,14.952039612804308,2.3738242869853927,13.739340482079154
-15.643446504023032,15.450849718747317,2.375086850288287,13.711443233062855
-16.16038211033607,15.947965464903454,2.3763958247159835,13.682650196569714
-16.676874671610197,16.44333233692913,2.3777515842919708,13.652966394822997
-17.192910027940933,16.936896012264548,2.3791545174300737,13.622397020587119
-17.708474031958275,17.428602366090708,2.380605027147025,13.590947437805152
-18.223552549214702,17.91839747726497,2.3821035312827537,13.558623182267803
-18.738131458572433,18.40622763423387,2.3836504627284514,13.525429962314808
-19.252196652590726,18.89203934092334,2.3852462696624843,13.491373659570026
-19.765734037912566,19.3757793226051,2.386891415794204,13.45646032971128
-20.27872953565121,19.857394531738993,2.3885863806157177,13.42069620327625
-20.791169081775905,20.336832153789985,2.3903316596616677,13.384087686505683
-21.303038627497596,20.81403961302,2.3921277647770625,13.346641362225133
-21.814324139654207,21.288964578253587,2.393975224393197,13.308363990766694
-22.325011601095103,21.761554968616345,2.395874583811698,13.269262510931995
-22.83508701106555,22.231758959246353,2.3978264054967093,13.229344040998004
-23.344536385590487,22.69952498697729,2.399831269375231,13.188615879766996
-23.853345757858044,23.164801755993047,2.4018897731456166,13.147085507662236
-24.361501178602218,23.62753824345267,2.40400253259421,13.104760587870993
-24.868988716485458,24.087683705085745,2.4061701819200976,13.061648967536337
-25.37579445848051,24.545187680756992,2.4083933740679395,13.017758678999474
-25.881904510252035,24.999999999999964,2.410672781068809,12.973097941094178
-26.38730499653726,25.45207078751854,2.4130090943889715,12.927675160495138
-26.891982061526555,25.901350468656496,2.415403025286496,12.881498933121815
-27.395921869243196,26.34778977483383,2.4178553051755793,12.834578045599693
-27.89911060392289,26.7913397489498,2.4203666859984287,12.786921476780659
-28.401534470392235,27.231951750751332,2.4229379406045255,12.738538399324362
-28.9031796944471,27.669577462167155,2.425569863137061,12.6894381813424
-29.40403252323035,28.104168892606488,2.4282632694262953,12.639630388107166
-29.904079225608633,28.535678384221555,2.431018997389562,12.589124783827351
-30.403306092549006,28.964058617133922,2.4338379074375873,12.537931333491859
-30.90169943749469,29.38926261462361,2.4367208828867626,12.48606020478417
-31.39924559674045,29.811243748280752,2.439668830376944,12.433521770068987
-31.895930929806966,30.229955743118715,2.442682680294316,12.380326608453155
-32.39174181981492,30.645352682648806,2.445763387198779,12.326485507922659
-32.88666467385827,31.057389013915472,2.448911930255283,12.272009467557663
-33.38068592337705,31.466019552491836,2.452129313668426,12.216909699827392
-33.87379202452911,31.871199487434463,2.455416567119605,12.161197632966736
-34.365969458561594,32.27288438619752,2.458774746205883,12.104884913436281
-34.85720473218147,32.67103019950523,2.4622049328796853,12.047983408467516
-35.347484377925674,33.06559326618257,2.4657082358883224,11.990505208694849
-35.83679495453,33.456530317942885,2.4692857912122386,11.93246263087601
-36.32512304729778,33.84379848413299,2.4729387625007906,11.873868220702244
-36.812455268467744,34.22735529643439,2.4766683415042205,11.814734755699613
-37.29877825758086,34.60715869352031,2.480475748500379,11.755075248222708
-37.78407868184669,34.98316702566825,2.484362232714613,11.694902948541646
-38.268343236508926,35.355339059327335,2.4883290727310743,11.634231348023278
-38.75155864521025,35.723633981640134,2.4923775768935768,11.573074182407222
-39.23371166035612,36.08801140491809,2.4965090836939234,11.511445435177134
-39.71478906347804,36.448431371070555,2.5007249621454792,11.44935934102729
-40.194777665595964,36.80485435598668,2.505026612139552,11.386830389424329
-40.67366430757998,37.15724127386969,2.509415464781942,11.323873328263627
-41.15143586051085,37.50555348152296,2.5138929827068077,11.260503167619442
-41.6280792260401,37.84975278258781,2.51846066036475,11.196735183587435
-42.10358133674905,38.18980143173207,2.523120024281778,11.132584922217864
-42.577929156507224,38.52566213878943,2.527872633285545,11.068068203537072
-43.051109680829484,38.85729807284852,2.53272007869497,11.00320112565448
-43.5231099372327,39.18467286629195,2.537663984469057,10.938000068951494
-43.99391698559147,39.507750618784485,2.542706007310409,10.872481700348187
-44.46351791849271,39.82649590120979,2.5478478367185997,10.806662977642802
-44.931899861589635,40.14087375955571,2.5530911949882182,10.740561153918229
-45.399049973954625,40.450849718747335,2.5584378371460295,10.674193782008853
-45.86495544843145,40.75638978642768,2.5638895508213064,10.60757871901995
-46.32960351198614,41.057460456685185,2.5694481560429754,10.540734130891021
-46.79298142605732,41.35402871372808,2.5751155049568104,10.47367849699296
-47.25507648690535,41.64606203550495,2.580893481455448,10.406430614747894
-47.7158760259608,41.93352839727118,2.5867840007135547,10.339009604259079
-48.175367410171496,42.216396275100735,2.5927890086199836,10.271434912936764
-48.633538042348995,42.49463464934316,2.598910481098291,10.203726320104224
-49.090375361514035,42.7682130080253,2.605150423306462,10.135903941566513
-49.54586684324072,43.037101350197155,2.611510868706183,10.06798823412269
-49.99999999999997,43.30127018922192,2.617993877991494,10.000000000000004
-50.45276238150187,43.56069055600944,2.624601537866101,9.93196039118666
-50.90414157503709,43.815334002193154,2.631335959658126,9.863890913637277
-51.35412520581698,44.06517260324959,2.6381992777605205,9.795813431322873
-51.802700937313,44.31017896156072,2.645193647884885,9.727750170094398
-52.24985647159484,44.550326209418365,2.6523212451158926,9.65972372132629
-52.69557954966771,44.785588011970624,2.6595842617530816,9.591757045303417
-53.13985795180825,45.01593857010966,2.6669849049262755,9.523873474311854
-53.58267949789964,45.24135262330096,2.674525393970527,9.45609671539051
-54.02403204776546,45.46180545235341,2.6822079575460798,9.38845085269742
-54.46390350150268,45.67727288213003,2.690034830488548,9.320960349440782
-54.902281799813146,45.88773128419904,2.698008250374275,9.253650049321331
-55.33915492433435,46.093157579425004,2.706130453785689,9.18654517742862
-55.77451089796897,46.293529240499716,2.7144036722614278,9.11967134052995
-56.208337785213025,46.48882429441255,2.7228301279160463,9.053054526686749
-56.64062369248326,46.679021324860074,2.7314120287143773,8.986721104128879
-57.07135676844312,46.86409947459455,2.740151563385927,8.920697819313414
-57.500525204327815,47.04403844771126,2.7490508959652593,8.855011794090126
-57.92811723426785,47.21881851187404,2.7581121599450373,8.789690521891954
-58.35412113561173,47.38842050047928,2.767337452029372,8.724761862864439
-58.77852522924727,47.55282581475767,2.776728825476309,8.660254037844394
-59.20131787992191,47.71201642581383,2.786288283019788,8.596195621094209
-59.62248749656155,47.86597487660335,2.7960177693631527,8.532615531694763
-60.04202253258839,48.01468428384715,2.8059191632384177,8.46954302349665
-60.45991148623744,48.158128339882886,2.8159942690279207,8.407007673526774
-60.87614290087203,48.296291314453406,2.826244807947807,8.345039368745015
-61.290705365297626,48.42915805643155,2.8366724087960002,8.283668291044108
-61.70358751407481,48.556713995481786,2.847278598270943,8.222924900384802
-62.114778027830994,48.678945143658005,2.858064790871425,8.16283991595831
-62.52426563357049,48.795838096937366,2.8690322783922992,8.10344429526891
-62.932039104983716,48.90738003669027,2.8801822190358557,8.04476921103135
-63.338087262754975,49.013558731086086,2.8915156261639487,7.986846025780852
-63.742398974868934,49.11436253643443,2.903033356721847,7.929706264097918
-64.14496315691576,49.2097803984621,2.9147360993709586,7.873381582356126
-64.54576877239504,49.299801853525246,2.9266243623742674,7.817903735908438
-64.94480483301832,49.38441702975688,2.9386984612852443,7.76330454363694
-65.3420603990105,49.46361664814941,2.9509585064983246,7.70961584980194
-65.73752457940955,49.53739202357218,2.963404390726511,7.656869483139462
-66.13118653236518,49.60573506572389,2.9760357764793586,7.605097213171158
-66.52303546543604,49.668638280019806,2.988852083622294,7.554330703708
-66.91306063588578,49.72609476841366,3.001852477105869,7.504601463548378
-67.30125135097731,49.778098230153994,3.015035854961009,7.4559407943928395
-67.68759696826604,49.82464296247522,3.0284008366634456,7.408379736021272
-68.07208689589174,49.865723861222904,3.0419457519771345,7.361949008804137
-68.45471059286884,49.901336421413575,3.0556686303923852,7.316678953647059
-68.83545756937538,49.931476737728694,3.0695671912795746,7.272599469497381
-69.21431738704064,49.95614150494291,3.083638834883291,7.229739948572481
-69.5912796592314,49.97532801828658,3.0978806342846252,7.188129209501794
-69.9663340513365,49.98903417374227,3.1122893284606166,7.147795428607689
-70.33947028105038,49.99725846827562,3.12686131656969,7.108766069584091
-70.71067811865471,50.0,3.1415926535897913,7.071067811865478
-71.07994738729921,49.997258468275604,3.156479047431985,7.034726478012168
-71.44726796328031,49.989034173742276,3.171515857646143,6.999766960470131
-71.81262977631887,49.97532801828658,3.1866980958271505,6.966213148094165
-72.17602280983618,49.95614150494293,3.202020427819509,6.934087852851652
-72.53743710122873,49.9314767377287,3.217477177805511,6.903412737149589
-72.89686274214114,49.90133642141359,3.233062334347182,6.8742082422494635
-73.25428987873784,49.86572386122291,3.2487695584351735,6.846493518252176
-73.6097087119734,49.824642962475224,3.264592193578728,6.820286356148033
-73.96310949786094,49.778098230154,3.280523277950089,6.795603122434379
-74.3144825477394,49.726094768413674,3.296555558574524,6.772458696804807
-74.66381822853909,49.66863828001982,3.312681507533717,6.750866413409371
-75.01110696304592,49.6057350657239,3.328893340126171,6.730838006173768
-75.35633923016375,49.53739202357218,3.3451830349037697,6.712383558647545
-75.69950556517563,49.46361664814942,3.3615423554793216,6.695511458826433
-76.04059656000305,49.3844170297569,3.3779628739761267,6.680228359362485
-76.37960286346421,49.29980185352525,3.3944359959679775,6.666539143537736
-76.71651518152993,49.2097803984621,3.4109529867368846,6.654446897333111
-77.05132427757889,49.11436253643445,3.427504998656884,6.643952887874899
-77.38402097265062,49.0135587310861,3.444083099495619,6.635056548486882
-77.71459614569706,48.90738003669029,3.460678301411815,6.627755470518055
-78.04304073383292,48.79583809693739,3.47728159041629,6.622045402054558
-78.36934573258397,48.67894514365802,3.493883956057019,6.6179202535612776
-78.69350219613371,48.55671399548182,3.5104764210854826,6.615372110434168
-79.01550123756898,48.429158056431575,3.5270500708617636,6.614391252380228
-79.33533402912349,48.29629131445341,3.54359608225982,6.614966179479078
-79.65299180241959,48.15812833988293,3.5601057518419816,6.61708364471928
-79.96846584870904,48.01468428384715,3.576570523082743,6.6207286927450655
-80.28174751911143,47.86597487660338,3.5929820124359515,6.625884704495805
-80.59282822485153,47.712016425813864,3.6093320340566164,6.632533447372161
-80.90169943749473,47.55282581475768,3.6256126230077816,6.640655130520274
-81.2083526891806,47.388420500479306,3.641816056804359,6.650228464788761
-81.51277957285538,47.21881851187408,3.6579348751686735,6.661230726883646
-81.81497174250232,47.04403844771128,3.673961897896288,6.6736378272233186
-82.11492091337037,46.864099474594596,3.689890240755138,6.687424380979675
-82.41261886220151,46.67902132486012,3.705713329365477,6.702563781782703
-82.70805742745615,46.48882429441258,3.7214249110320843,6.71902827756332
-83.0012285095367,46.29352924049975,3.7370190645234995,6.736789048013634
-83.29212407100994,46.09315757942503,3.752490207815057,6.755816283153841
-83.580736136827,45.88773128419908,3.7678331038329187,6.776079262510623
-83.86705679454236,45.67727288213008,3.7830428642551475,6.7975464344325776
-84.1510781945306,45.461805452353424,3.798114951442492,6.820185495092832
-84.43279255020148,45.241352623301005,3.8130451785862025,6.843963466757538
-84.71219213821367,45.01593857010971,3.827829708172637,6.868846774930129
-84.98926929868638,44.78558801197066,3.842465048874433,6.894801324014701
-85.26401643540919,44.550326209418415,3.856948050986061,6.921792571176844
-85.53642601605065,44.31017896156074,3.871275900527272,6.9497855981163426
-85.80649057236444,44.065172603249636,3.8854461121415933,6.978745180502012
-86.07420270039434,43.81533400219322,3.8994565209188994,7.008635854855376
-86.33955506067717,43.56069055600948,3.913305273270947,7.039421982704719
-86.60254037844383,43.30127018922195,3.92699081698724,7.071067811865473
-86.86315144381909,43.037101350197226,3.940511890595588,7.103537534735466
-87.12138111201894,42.76821300802535,3.953867512147422,7.136795343524318
-87.3772223035465,42.494634649343226,3.9670569675427823,7.170805482365262
-87.63066800438631,42.2163962751008,3.980079798503794,7.205532296284323
-87.88171126619653,41.933528397271225,3.9929357902987137,7.240940277026086
-88.1303452064992,41.64606203550501,4.0056249593114845,7.276994105757376
-88.37656300886934,41.3540287137281,4.018147540544243,7.313658692689971
-88.62035792312145,41.05746045668523,4.030503975132507,7.350899213680433
-88.86172326549485,40.756389786427754,4.04269489794512,7.388681143880605
-89.10065241883677,40.45084971874738,4.054721125333348,7.4269702885247195
-89.33713883278374,40.14087375955576,4.0665836430860445,7.465732810950013
-89.57117602394125,39.82649590120987,4.0782835946406095,7.504935257956452
-89.80275757606155,39.507750618784534,4.08982226959246,7.544544582617853
-90.03187714021934,39.184672866292026,4.101201092539227,7.584528164662032
-90.25852843498602,38.8572980728486,4.112421612289719,7.6248538285412435
-90.48270524660194,38.52566213878948,4.123485491461894,7.6654898593161835
-90.70440142914646,38.18980143173215,4.134394496488802,7.706405016478
-90.92361090470685,37.84975278258783,4.145150488046649,7.747568545832564
-91.14032766354451,37.50555348152301,4.15575541191458,7.788950189569974
-91.35454576426005,37.15724127386976,4.166211290271978,7.830520194640604
-91.5662593339561,36.80485435598673,4.176520213435354,7.8722493195560785
-91.7754625683981,36.44843137107062,4.186684332033879,7.914108839730462
-91.98214973217374,36.08801140491817,4.196705849619809,7.95607055147323
-92.18631515885004,35.723633981640184,4.206587015707651,7.998106774741373
-92.38795325112865,35.35533905932742,4.216330119233909,8.040190354753582
-92.58705848099945,34.983167025668344,4.22593748242753,8.082294662565053
-92.783625389892,34.607158693520375,4.235411455079675,8.124393594696274
-92.97764858882512,34.22735529643448,4.244754409200353,8.166461571904627
-93.16912275855489,33.843798484133046,4.253968734048502,8.208473537182723
-93.35804264972016,33.45653031794295,4.263056831521368,8.250404953062176
-93.5444030829867,33.06559326618265,4.272021111888586,8.292231798297255
-93.72819894918915,32.671030199505296,4.280863989855986,8.333930563997562
-93.9094252094709,32.27288438619757,4.2895878809439605,8.37547824927466
-94.08807689542252,31.871199487434552,4.298195198165245,8.416852356462995
-94.26414910921783,31.466019552491897,4.306688348986938,8.458030885970999
-94.4376370237481,31.05738901391557,4.3150697325618115,8.498992330814325
-94.60853588275452,30.64535268264883,4.323341737214225,8.539715670879108
-94.77684100095856,30.229955743118776,4.331506738166189,8.580180366959276
-94.94254776419037,29.81124374828085,4.339567095489633,8.620366354608588
-95.10565162951535,29.389262614623668,4.347525152271206,8.660254037844386
-95.26614812535861,28.964058617133983,4.35538323297652,8.699824282737058
-95.42403285162766,28.535678384221647,4.363143642001175,8.739058410916217
-95.579301479833,28.104168892606552,4.370808662396408,8.777938193021512
-95.73194975320672,27.669577462167258,4.378380554757747,8.816445842123692
-95.88197348681928,27.231951750751428,4.3858615562655885,8.854564007138844
-96.02936856769429,26.79133974894986,4.393253879867098,8.892275766256512
-96.17413095492111,26.347789774833934,4.400559713589422,8.929564620400207
-96.31625667976581,25.90135046865652,4.407781219974692,8.966414486737033
-96.4557418457798,25.4520707875186,4.414920535627788,9.002809692250999
-96.59258262890681,25.000000000000068,4.421979770868403,9.038734967393278
-96.72677527758768,24.54518768075706,4.428961009479358,9.0741754398208
-96.8583161128631,24.08768370508581,4.435866308543642,9.10911662823331
-96.98720152847466,23.627538243452776,4.442697698363116,9.143544436317763
-97.1134279909636,23.16480175599311,4.449457182452205,9.177445146807516
-97.23699203976764,22.699524986977394,4.456146737600394,9.21080541566291
-97.35789028731601,22.23175895924646,4.462768313997701,9.243612266378767
-97.47611941912217,21.76155496861641,4.469323835417717,9.27585308442333
-97.59167619387472,21.288964578253694,4.475815199453132,9.307515611812502
-97.70455744352637,20.814039613020075,4.482244277799083,9.338587941822459
-97.81476007338055,20.336832153790052,4.488612916579916,9.369058513842937
-97.92228106217657,19.857394531739104,4.494922936715328,9.398916108373097
-98.02711746217217,19.37577932260517,4.501176134322122,9.428149842161144
-98.1292663992245,18.892039340923407,4.507374281148091,9.456749163488496
-98.22872507286885,18.40622763423398,4.513519125034833,9.48470384759893
-98.32549075639545,17.918397477265046,4.519612390406524,9.512003992272584
-98.41956079692417,17.42860236609082,4.525655778781912,9.538640013544551
-98.51093261547739,16.936896012264576,4.531650969307045,9.564602641567406
-98.59960370705049,16.443332336929203,4.537599619306391,9.589882916616757
-98.68557164068072,15.94796546490357,4.5435033648502925,9.614472185238796
-98.76883405951376,15.450849718747387,4.549363821336766,9.638362096538481
-98.84938868086834,14.95203961280438,4.55518258408593,9.661544598606959
-98.92723329629882,14.451589847223659,4.560961228945437,9.684011935086694
-99.00236577165575,13.949555301961487,4.566701312905453,9.705756641872574
-99.07478404714435,13.445991030763343,4.572404374721867,9.72677154394727
-99.14448613738102,12.940952255126124,4.578071935546536,9.747049752349088
-99.21147013144778,12.434494358242773,4.583705499563487,9.766584661270366
-99.27573419294454,11.926672878929109,4.589306554630117,9.785369945284588
-99.33727656003964,11.4175435055328,4.59487657292252,9.80339955670035
-99.39609554551797,10.907162069827171,4.600417011584179,9.820667723040199
-99.45218953682733,10.395584540888043,4.60592931337733,9.837168944642546
-99.50555699612262,9.882867018956327,4.611414907336417,9.852897992384722
-99.556196460308,9.369065729286286,4.616875209423083,9.867849905525425
-99.60410654107696,8.85423701597925,4.622311623182276,9.882019989664686
-99.64928592495042,8.338437335805143,4.627725540399046,9.895403814819726
-99.6917333733128,7.821723252011606,4.633118341755706,9.907997213614907
-99.7314477224458,7.304151428120673,4.638491397489086,9.919796279584268
-99.76842788356053,6.7857786217152585,4.6438460680476465,9.930797365585036
-99.80267284282715,6.266661678215284,4.649183704748235,9.94099708232065
-99.83418166140284,5.746857524643346,4.654505650432393,9.950392296971923
-99.86295347545739,5.226423163382721,4.659813240122047,9.958980131935027
-99.88898749619699,4.705415665925796,4.665107801674555,9.966757963665035
-99.91228300988584,4.183892166615799,4.670390656437026,9.973723421623943
-99.93283937786562,3.6619098563816412,4.675663119899926,9.97987438733206
-99.95065603657315,3.139525976465758,4.680926502349958,9.985208993521884
-99.96573249755572,2.616797812147224,4.68618210952225,9.989725623393516
-99.97806834748455,2.093782686460047,4.691431243251887,9.99342290997095
-99.98766324816606,1.5705379539065127,4.696675202124886,9.996299735558502
-99.99451693655121,1.0471209941678898,4.701915282128635,9.998355231296827
-99.99862922474267,0.5235892058123642,4.707152777301928,9.999588776818106
-100.0,1.8369701987210297e-14,4.71238898038469,10.0
-99.99862922474267,-0.5235892058122387,4.717625183467449,9.999588776818106
-99.99451693655121,-1.0471209941677644,4.722862678640744,9.998355231296827
-99.98766324816606,-1.5705379539063873,4.728102758644492,9.996299735558505
-99.97806834748455,-2.093782686459922,4.733346717517491,9.993422909970953
-99.96573249755572,-2.6167978121470994,4.738595851247129,9.989725623393516
-99.95065603657316,-3.1395259764656327,4.74385145841942,9.985208993521884
-99.93283937786562,-3.6619098563815156,4.749114840869452,9.979874387332064
-99.91228300988584,-4.183892166615762,4.754387304332353,9.973723421623944
-99.888987496197,-4.7054156659256705,4.759670159094823,9.966757963665037
-99.86295347545739,-5.226423163382596,4.76496472064733,9.958980131935027
-99.83418166140284,-5.74685752464331,4.770272310336986,9.950392296971923
-99.80267284282715,-6.266661678215158,4.775594256021143,9.940997082320651
-99.76842788356053,-6.785778621715134,4.780931892721732,9.93079736558504
-99.73144772244581,-7.30415142812055,4.786286563280291,9.919796279584272
-99.69173337331281,-7.821723252011482,4.791659619013672,9.90799721361491
-99.64928592495043,-8.338437335805018,4.797052420370331,9.895403814819728
-99.60410654107696,-8.854237015979125,4.802466337587101,9.88201998966469
-99.55619646030802,-9.369065729286161,4.807902751346296,9.867849905525427
-99.50555699612264,-9.882867018956293,4.813363053432962,9.852897992384724
-99.45218953682733,-10.395584540887919,4.818848647392048,9.83716894464255
-99.39609554551798,-10.907162069827049,4.824360949185199,9.820667723040204
-99.33727656003964,-11.417543505532763,4.829901387846858,9.803399556700352
-99.27573419294457,-11.92667287892899,4.835471406139262,9.78536994528459
-99.2114701314478,-12.434494358242652,4.841072461205892,9.76658466127037
-99.14448613738105,-12.940952255126007,4.846706025222843,9.747049752349094
-99.07478404714438,-13.445991030763222,4.852373586047511,9.726771543947276
-99.00236577165578,-13.94955530196137,4.858076647863925,9.70575664187258
-98.92723329629884,-14.45158984722354,4.863816731823942,9.6840119350867
-98.84938868086837,-14.952039612804262,4.869595376683448,9.661544598606966
-98.76883405951378,-15.450849718747353,4.875414139432612,9.638362096538483
-98.68557164068073,-15.947965464903449,4.881274595919085,9.614472185238801
-98.5996037070505,-16.443332336929082,4.887178341462986,9.58988291661676
-98.5109326154774,-16.936896012264544,4.893126991462333,9.564602641567408
-98.4195607969242,-17.428602366090704,4.899122181987465,9.538640013544555
-98.32549075639547,-17.918397477264925,4.905165570362854,9.512003992272593
-98.22872507286887,-18.40622763423386,4.911258835734545,9.484703847598935
-98.12926639922453,-18.89203934092329,4.9174036796212865,9.456749163488503
-98.02711746217219,-19.375779322605137,4.923601826447256,9.428149842161147
-97.92228106217658,-19.85739453173899,4.929855024054049,9.398916108373104
-97.81476007338058,-20.33683215378994,4.936165044189462,9.369058513842942
-97.70455744352637,-20.81403961302004,4.9425336829702955,9.338587941822462
-97.59167619387476,-21.288964578253584,4.9489627613162455,9.307515611812509
-97.4761194191222,-21.7615549686163,4.95545412535166,9.275853084423337
-97.35789028731602,-22.231758959246346,4.962009646771676,9.243612266378774
-97.23699203976767,-22.69952498697728,4.968631223168984,9.210805415662918
-97.11342799096363,-23.164801755993,4.9753207783171725,9.177445146807523
-96.98720152847469,-23.627538243452666,4.982080262406262,9.14354443631777
-96.85831611286314,-24.087683705085702,4.9889116522257355,9.109116628233318
-96.72677527758768,-24.545187680757028,4.995816951290021,9.074175439820802
-96.59258262890684,-24.999999999999957,5.002798189900974,9.038734967393287
-96.45574184577983,-25.45207078751849,5.00985742514159,9.002809692251008
-96.31625667976581,-25.90135046865649,5.016996740794687,8.966414486737037
-96.17413095492115,-26.347789774833828,5.024218247179956,8.929564620400216
-96.02936856769433,-26.791339748949756,5.03152408090228,8.892275766256521
-95.88197348681932,-27.23195175075133,5.038916404503789,8.854564007138851
-95.73194975320675,-27.669577462167148,5.04639740601163,8.816445842123699
-95.57930147983305,-28.10416889260645,5.053969298372969,8.777938193021521
-95.4240328516277,-28.53567838422155,5.061634318768203,8.739058410916225
-95.26614812535865,-28.96405861713388,5.069394727792858,8.699824282737067
-95.10565162951536,-29.38926261462364,5.077252808498173,8.660254037844387
-94.9425477641904,-29.811243748280745,5.085210865279744,8.620366354608597
-94.7768410009586,-30.229955743118676,5.093271222603188,8.580180366959285
-94.60853588275454,-30.6453526826488,5.1014362235551545,8.53971567087911
-94.43763702374812,-31.057389013915472,5.109708228207565,8.498992330814335
-94.26414910921788,-31.466019552491804,5.118089611782439,8.45803088597101
-94.08807689542256,-31.871199487434456,5.126582762604132,8.416852356463004
-93.90942520947092,-32.27288438619747,5.135190079825417,8.37547824927467
-93.72819894918919,-32.671030199505196,5.143913970913392,8.333930563997573
-93.54440308298675,-33.06559326618256,5.1527568488807916,8.292231798297264
-93.3580426497202,-33.45653031794286,5.16172112924801,8.250404953062187
-93.1691227585549,-33.84379848413302,5.170809226720876,8.208473537182725
-92.97764858882516,-34.22735529643439,5.180023551569024,8.166461571904637
-92.78362538989204,-34.60715869352028,5.189366505689701,8.124393594696283
-92.58705848099949,-34.98316702566825,5.198840478341847,8.082294662565065
-92.38795325112869,-35.35533905932733,5.208447841535468,8.040190354753594
-92.18631515885008,-35.7236339816401,5.2181909450617265,7.998106774741383
-91.98214973217378,-36.088011404918085,5.228072111149568,7.956070551473242
-91.77546256839815,-36.448431371070534,5.2380936287354976,7.9141088397304715
-91.56625933395611,-36.804854355986706,5.248257747334025,7.872249319556081
-91.35454576426011,-37.15724127386968,5.2585666704974,7.830520194640613
-91.14032766354457,-37.50555348152293,5.269022548854797,7.788950189569985
-90.92361090470686,-37.8497527825878,5.27962747272273,7.747568545832567
-90.70440142914651,-38.189801431732064,5.290383464280574,7.7064050164780085
-90.482705246602,-38.52566213878941,5.301292469307483,7.665489859316193
-90.25852843498608,-38.85729807284852,5.312356348479657,7.624853828541252
-90.03187714021938,-39.18467286629195,5.32357686823015,7.584528164662042
-89.80275757606161,-39.507750618784456,5.334955691176916,7.5445445826178625
-89.5711760239413,-39.82649590120978,5.346494366128766,7.504935257956461
-89.3371388327838,-40.14087375955568,5.358194317683332,7.465732810950021
-89.1006524188368,-40.450849718747364,5.3700568354360305,7.426970288524723
-88.8617232654949,-40.75638978642768,5.382083062824257,7.388681143880615
-88.6203579231215,-41.05746045668515,5.39427398563687,7.350899213680442
-88.37656300886935,-41.35402871372808,5.4066304202251345,7.313658692689972
-88.13034520649924,-41.64606203550493,5.419153001457892,7.276994105757384
-87.88171126619659,-41.933528397271154,5.431842170470662,7.240940277026094
-87.63066800438638,-42.216396275100735,5.444698162265582,7.205532296284334
-87.37722230354656,-42.49463464934316,5.4577209932265935,7.17080548236527
-87.121381112019,-42.76821300802528,5.470910448621954,7.136795343524325
-86.86315144381915,-43.03710135019716,5.484266070173788,7.103537534735473
-86.6025403784439,-43.301270189221896,5.497787143782136,7.07106781186548
-86.33955506067717,-43.560690556009455,5.511472687498431,7.039421982704721
-86.0742027003944,-43.81533400219316,5.525321439850476,7.008635854855385
-85.8064905723645,-44.06517260324957,5.539331848627783,6.9787451805020195
-85.53642601605068,-44.31017896156072,5.553502060242106,6.949785598116345
-85.26401643540925,-44.550326209418365,5.567829909783315,6.9217925711768515
-84.98926929868644,-44.785588011970596,5.582312911894943,6.894801324014708
-84.71219213821374,-45.01593857010966,5.596948252596739,6.8688467749301365
-84.43279255020155,-45.24135262330095,5.611732782183173,6.843963466757543
-84.15107819453063,-45.461805452353424,5.626663009326887,6.820185495092834
-83.86705679454242,-45.67727288213002,5.641735096514227,6.797546434432581
-83.58073613682707,-45.88773128419902,5.656944856936457,6.776079262510628
-83.29212407100997,-46.09315757942502,5.672287752954321,6.755816283153843
-83.00122850953679,-46.293529240499716,5.687758896245876,6.736789048013638
-82.70805742745624,-46.48882429441254,5.7033530497372915,6.719028277563323
-82.41261886220158,-46.67902132486007,5.719064631403898,6.702563781782706
-82.11492091337044,-46.86409947459455,5.734887720014237,6.68742438097968
-81.8149717425024,-47.04403844771124,5.7508160628730876,6.673637827223321
-81.51277957285544,-47.218818511874034,5.766843085600702,6.661230726883649
-81.20835268918067,-47.38842050047926,5.782961903965017,6.650228464788763
-80.90169943749476,-47.55282581475767,5.799165337761597,6.640655130520275
-80.59282822485162,-47.71201642581383,5.8154459267127585,6.632533447372164
-80.2817475191115,-47.86597487660334,5.831795948333424,6.625884704495806
-79.96846584870907,-48.014684283847146,5.848207437686635,6.6207286927450655
-79.65299180241968,-48.1581283398829,5.864672208927393,6.61708364471928
-79.33533402912357,-48.29629131445339,5.8811818785095555,6.614966179479079
-79.01550123756907,-48.42915805643155,5.897727889907611,6.614391252380227
-78.69350219613378,-48.556713995481786,5.914301539683892,6.615372110434168
-78.36934573258404,-48.678945143657984,5.930894004712356,6.6179202535612776
-78.043040733833,-48.79583809693735,5.947496370353085,6.622045402054556
-77.71459614569713,-48.90738003669026,5.96409965935756,6.6277554705180535
-77.38402097265063,-49.013558731086086,5.98069486127376,6.635056548486882
-77.05132427757896,-49.11436253643442,5.997272962112492,6.643952887874898
-76.71651518153001,-49.20978039846208,6.013824974032491,6.6544468973331075
-76.37960286346424,-49.299801853525246,6.0303419648014005,6.666539143537735
-76.04059656000314,-49.384417029756875,6.046815086793249,6.680228359362481
-75.69950556517571,-49.463616648149404,6.063235605290054,6.695511458826429
-75.35633923016381,-49.537392023572174,6.079594925865607,6.712383558647543
-75.011106963046,-49.60573506572388,6.095884620643204,6.730838006173762
-74.6638182285392,-49.668638280019806,6.112096453235657,6.750866413409364
-74.31448254773946,-49.72609476841366,6.128222402194853,6.772458696804803
-73.96310949786103,-49.778098230153994,6.1442546828192866,6.7956031224343745
-73.60970871197345,-49.82464296247522,6.160185767190649,6.820286356148029
-73.25428987873792,-49.865723861222904,6.176008402334202,6.846493518252169
-72.89686274214121,-49.90133642141357,6.1917156264221935,6.874208242249456
-72.53743710122879,-49.93147673772869,6.207300782963866,6.903412737149583
-72.17602280983627,-49.95614150494292,6.222757532949867,6.934087852851645
-71.81262977631894,-49.97532801828657,6.238079864942225,6.966213148094158
-71.44726796328037,-49.989034173742276,6.253262103123234,6.999766960470126
-71.0799473872993,-49.997258468275604,6.26829891333739,7.034726478012159
-70.71067811865477,-50.0,6.283185307179585,7.071067811865474
-70.33947028105044,-49.99725846827562,0.01473133702010091,7.108766069584085
-69.9663340513366,-49.989034173742276,0.029303325129173156,7.1477954286076795
-69.59127965923145,-49.97532801828657,0.043712019305165994,7.188129209501788
-69.21431738704072,-49.95614150494291,0.0579538187064988,7.229739948572471
-68.83545756937546,-49.931476737728694,0.0720254623102155,7.272599469497368
-68.45471059286889,-49.901336421413575,0.08592402319740568,7.316678953647053
-68.07208689589184,-49.86572386122292,0.0996469016126556,7.361949008804129
-67.68759696826615,-49.824642962475224,0.11319181692634324,7.408379736021257
-67.30125135097737,-49.778098230154,0.12655679862878233,7.455940794392832
-66.91306063588588,-49.726094768413674,0.1397401764839211,7.504601463548366
-66.5230354654361,-49.66863828001982,0.1527405699674973,7.5543307037079925
-66.13118653236523,-49.6057350657239,0.16555687711043254,7.605097213171149
-65.73752457940965,-49.537392023572195,0.17818826286327932,7.656869483139448
-65.34206039901058,-49.463616648149426,0.19063414709146653,7.7096158498019305
-64.94480483301842,-49.384417029756904,0.20289419230454617,7.763304543636927
-64.54576877239514,-49.29980185352527,0.21496829121552297,7.817903735908425
-64.14496315691581,-49.209780398462094,0.22685655421883275,7.873381582356117
-63.74239897486903,-49.11436253643445,0.23855929686794372,7.929706264097904
-63.3380872627551,-49.013558731086114,0.25007702742584087,7.986846025780833
-62.93203910498379,-48.90738003669029,0.2614104345539357,8.04476921103134
-62.524265633570586,-48.795838096937395,0.2725603751974911,8.103444295268897
-62.114778027831065,-48.67894514365803,0.2835278627183668,8.1628399159583
-61.70358751407491,-48.556713995481815,0.29431405531884763,8.22292490038479
-61.290705365297725,-48.429158056431575,0.3049202447937905,8.283668291044092
-60.87614290087209,-48.29629131445342,0.31534784564198476,8.345039368745004
-60.45991148623754,-48.15812833988292,0.3255983845618701,8.40700767352676
-60.04202253258849,-48.01468428384718,0.335673490351373,8.469543023496634
-59.62248749656162,-47.865974876603374,0.3455748842266392,8.53261553169475
-59.20131787992201,-47.712016425813864,0.35530437057000286,8.596195621094193
-58.778525229247336,-47.55282581475769,0.3648638281134828,8.660254037844384
-58.35412113561179,-47.3884205004793,0.37425520156041975,8.72476186286443
-57.92811723426795,-47.21881851187408,0.3834804936447535,8.789690521891938
-57.50052520432788,-47.04403844771129,0.3925417576245326,8.855011794090114
-57.07135676844322,-46.8640994745946,0.4014410902038642,8.920697819313398
-56.64062369248336,-46.67902132486012,0.41018062487541385,8.986721104128863
-56.20833778521309,-46.48882429441258,0.4187625256737457,9.053054526686736
-55.77451089796908,-46.29352924049977,0.4271889813283636,9.119671340529933
-55.3391549243345,-46.09315757942507,0.4354621998041015,9.186545177428599
-54.90228179981321,-45.88773128419907,0.44358440321551723,9.25365004932132
-54.46390350150278,-45.67727288213008,0.4515578231012432,9.320960349440766
-54.02403204776552,-45.46180545235344,0.45938469604371235,9.38845085269741
-53.58267949789971,-45.241352623301,0.46706725961926526,9.4560967153905
-53.13985795180837,-45.01593857010972,0.47460774866351624,9.523873474311838
-52.695579549667784,-44.78558801197066,0.48200839183671035,9.591757045303407
-52.249856471594946,-44.55032620941842,0.4892714084738986,9.659723721326275
-51.802700937313105,-44.31017896156078,0.4963990057049065,9.727750170094382
-51.35412520581705,-44.065172603249636,0.5033933758292714,9.795813431322863
-50.9041415750372,-43.81533400219322,0.5102566939316658,9.863890913637261
-50.45276238150201,-43.56069055600952,0.51699111572369,9.931960391186639
-50.00000000000004,-43.30127018922195,0.5235987755982983,9.999999999999993
-49.54586684324083,-43.03710135019723,0.5300817848836086,10.067988234122673
-49.09037536151411,-42.76821300802535,0.5364422302833303,10.1359039415665
-48.6335380423491,-42.49463464934323,0.5426821724915006,10.203726320104208
-48.17536741017161,-42.216396275100806,0.5488036449698082,10.271434912936748
-47.715876025960874,-41.93352839727122,0.5548086528762377,10.339009604259067
-47.25507648690546,-41.64606203550501,0.5606991721343438,10.406430614747878
-46.79298142605743,-41.35402871372815,0.5664771486329816,10.473678496992942
-46.329603511986214,-41.05746045668523,0.5721444975468171,10.540734130891012
-45.864955448431566,-40.756389786427754,0.5777031027684856,10.607578719019934
-45.39904997395478,-40.45084971874744,0.5831548164437621,10.674193782008832
-44.931899861589706,-40.14087375955575,0.5885014586015743,10.740561153918218
-44.463517918492826,-39.82649590120987,0.5937448168711922,10.806662977642784
-43.99391698559154,-39.507750618784534,0.5988866462793832,10.872481700348178
-43.5231099372328,-39.184672866292026,0.6039286691207351,10.938000068951478
-43.051109680829605,-38.85729807284861,0.6088725748948223,11.003201125654464
-42.5779291565073,-38.525662138789485,0.6137200203042478,11.068068203537063
-42.103581336749166,-38.18980143173216,0.6184726293080144,11.132584922217848
-41.628079226040214,-37.84975278258789,0.623131993225042,11.19673518358742
-41.15143586051092,-37.50555348152301,0.627699670882985,11.260503167619433
-40.67366430758009,-37.15724127386976,0.6321771888078503,11.323873328263613
-40.194777665596035,-36.80485435598673,0.6365660414502409,11.38683038942432
-39.714789063478115,-36.44843137107062,0.6408676914443132,11.449359341027279
-39.23371166035623,-36.08801140491817,0.645083569895869,11.511445435177118
-38.751558645210324,-35.72363398164019,0.6492150766962159,11.57307418240721
-38.26834323650904,-35.35533905932743,0.6532635808587182,11.634231348023263
-37.78407868184681,-34.983167025668344,0.6572304208751794,11.694902948541632
-37.298778257580935,-34.607158693520375,0.6611169050894132,11.755075248222699
-36.81245526846787,-34.227355296434496,0.6649243120855718,11.814734755699599
-36.325123047297936,-33.84379848413312,0.6686538910890015,11.873868220702224
-35.83679495453008,-33.45653031794295,0.6723068623775541,11.932462630876001
-35.347484377925795,-33.06559326618266,0.6758844177014701,11.990505208694834
-34.85720473218155,-32.671030199505296,0.6793877207101074,12.047983408467507
-34.365969458561665,-32.272884386197575,0.6828179073839097,12.104884913436269
-33.87379202452922,-31.871199487434552,0.6861760864701874,12.161197632966724
-33.38068592337713,-31.466019552491904,0.6894633399213664,12.216909699827383
-32.88666467385839,-31.05738901391557,0.6926807233345096,12.27200946755765
-32.39174181981504,-30.645352682648905,0.6958292663910131,12.326485507922644
-31.895930929807044,-30.229955743118783,0.6989099732954769,12.380326608453146
-31.39924559674057,-29.81124374828085,0.7019238232128485,12.433521770068973
-30.90169943749485,-29.38926261462375,0.7048717707030299,12.486060204784152
-30.40330609254908,-28.964058617133986,0.7077547461522053,12.537931333491851
-29.904079225608747,-28.535678384221654,0.7105736562002307,12.589124783827339
-29.404032523230427,-28.104168892606555,0.7133293841634977,12.63963038810716
-28.903179694447225,-27.66957746216726,0.7160227904527319,12.689438181342387
-28.401534470392352,-27.23195175075143,0.7186547129852671,12.738538399324352
-27.899110603922967,-26.791339748949866,0.7212259675913641,12.786921476780652
-27.395921869243317,-26.347789774833938,0.7237373484142132,12.834578045599685
-26.89198206152667,-25.9013504686566,0.7261896283032965,12.881498933121804
-26.387304996537335,-25.452070787518604,0.7285835592008213,12.927675160495133
-25.881904510252156,-25.00000000000007,0.7309198725209834,12.97309794109417
-25.375794458480588,-24.545187680757063,0.7331992795218533,13.017758678999465
-24.868988716485536,-24.087683705085816,0.7354224716696952,13.061648967536332
-24.36150117860234,-23.62753824345278,0.737590120995583,13.104760587870981
-23.853345757858122,-23.164801755993118,0.7397028804441763,13.147085507662231
-23.344536385590608,-22.6995249869774,0.7417613842145618,13.188615879766985
-22.83508701106567,-22.231758959246463,0.7437662480930836,13.229344040997997
-22.32501160109518,-21.761554968616416,0.7457180697780947,13.26926251093199
-21.81432413965433,-21.288964578253704,0.7476174291965958,13.308363990766683
-21.303038627497763,-20.814039613020157,0.7494648888127302,13.346641362225123
-20.791169081775987,-20.336832153790063,0.7512609939281251,13.384087686505675
-20.278729535651333,-19.85739453173911,0.7530062729740752,13.420696203276242
-19.765734037912644,-19.375779322605176,0.7547012377955892,13.456460329711273
-19.252196652590804,-18.89203934092341,0.7563463839273085,13.491373659570021
-18.738131458572557,-18.406227634233986,0.7579421908613413,13.525429962314803
-18.223552549214784,-17.91839747726505,0.7594891223070395,13.558623182267798
-17.7084740319584,-17.42860236609083,0.760987626442768,13.590947437805147
-17.192910027941057,-16.93689601226467,0.7624381361597192,13.62239702058711
-16.67687467161027,-16.443332336929206,0.7638410692978223,13.652966394822993
-16.160382110336194,-15.947965464903575,0.7651968288738096,13.682650196569705
-15.643446504023197,-15.450849718747477,0.7665058033015059,13.711443233062843
-15.126082024721976,-14.952039612804386,0.7677683666044004,13.739340482079148
-14.60830285624125,-14.451589847223666,0.7689848786205741,13.766337091329277
-14.0901231937583,-13.949555301961496,0.7701556852000496,13.79242837787994
-13.571557243430505,-13.445991030763349,0.7712811183946342,13.817609827604343
-13.052619222005257,-12.940952255126133,0.7723614966403294,13.841877094660072
-12.533323356430465,-12.434494358242778,0.773397124932374,13.865226000993445
-12.013683883464783,-11.926672878929114,0.7743882949929959,13.887652535869496
-11.493715049286768,-11.417543505532892,0.7753352854319425,13.909152855426836
-10.973431109104578,-10.907162069827177,0.7762383618998581,13.92972328225648
-10.45284632676543,-10.395584540888049,0.7770977772345758,13.949360305003964
-9.931974974364016,-9.88286701895642,0.7779137716003984,13.968060577994033
-9.41083133185149,-9.36906572928629,0.778686572620422,13.985820920877222
-8.889429686644243,-8.854237015979255,0.7794163955019769,14.002638318297613
-8.367784333231585,-8.338437335805148,0.7801034431552427,14.0185099195813
-7.845909572784563,-7.821723252011611,0.7807479063050944,14.033433038444818
-7.32381971276327,-7.30415142812068,0.7813499635962426,14.04740515272314
-6.8015290665248616,-6.785778621715264,0.781909781691717,14.060423904116655
-6.2790519529314155,-6.26666167821529,0.7824275153647465,14.072487097956616
-5.756402695956838,-5.74685752464344,0.7829033075840854,14.083592702988744
-5.233595624294437,-5.2264231633827265,0.7833372895928309,14.093738851174441
-4.710645070964352,-4.705415665925802,0.7837295809807735,14.102923837509314
-4.187565372919993,-4.183892166615805,0.784080289750322,14.111146119858603
-3.6643708706556906,-3.6619098563816475,0.7843895123760387,14.118404318809272
-3.141075907812925,-3.139525976465764,0.784657333857817,14.124697217538415
-2.6176948307873547,-2.616797812147231,0.7848838277677324,14.130023761697725
-2.0942419883357677,-2.0937826864600533,0.7850690562905924,14.134383059313842
-1.570731731182172,-1.5705379539065192,0.7852130702582107,14.137774380704347
-1.0471784116246274,-1.047120994167896,0.7853159091774201,14.140197158409256
-0.5235963831420387,-0.5235892058123703,0.7853776012518457,14.141650987137883
-2.4492935982947064e-14,-2.4492935982947064e-14,0.7853981633974483,14.142135623730951
