x,y,yaw,ref_v
0.0,0.0,0.0,3.5
0.1,0.0,0.0,3.5
0.2,0.0,0.0,3.5
0.3,0.0,0.0,3.5
0.4,0.0,0.0,3.5
0.5,0.0,0.0,3.5
0.6,0.0,0.0,3.5
0.7,0.0,0.0,3.5
0.8,0.0,0.0,3.5
0.9,0.0,0.0,3.5
1.0,0.0,0.0,3.5
1.1,0.0,0.0,3.5
1.2,0.0,0.0,3.5
1.3,0.0,0.0,3.5
1.4,0.0,0.0,3.5
1.5,0.0,0.0,3.5
1.6,0.0,0.0,3.5
1.7,0.0,0.0,3.5
1.8,0.0,0.0,3.5
1.9,0.0,0.0,3.5
2.0,0.0,0.0,3.5
2.1,0.0,0.0,3.5
2.2,0.0,0.0,3.5
2.3,0.0,0.0,3.5
2.4,0.0,0.0,3.5
2.5,0.0,0.0,3.5
2.6,0.0,0.0,3.5
2.7,0.0,0.0,3.5
2.8,0.0,0.0,3.5
2.9,0.0,0.0,3.5
3.0,0.0,0.0,3.5
3.1,0.0,0.0,3.5
3.2,0.0,0.0,3.5
3.3,0.0,0.0,3.5
3.4,0.0,0.0,3.5
3.5,0.0,0.0,3.5
3.6,0.0,0.0,3.5
3.7,0.0,0.0,3.5
3.8,0.0,0.0,3.5
3.9,0.0,0.0,3.5
4.0,0.0,0.0,3.5
4.1,0.0,0.0,3.5
4.2,0.0,0.0,3.5
4.3,0.0,0.0,3.5
4.4,0.0,0.0,3.5
4.5,0.0,0.0,3.5
4.6,0.0,0.0,3.5
4.7,0.0,0.0,3.5
4.8,0.0,0.0,3.5
4.9,0.0,0.0,3.5
5.0,0.0,0.0,3.5
5.1,0.0,0.0,3.5
5.2,0.0,0.0,3.5
5.3,0.0,0.0,3.5
5.4,0.0,0.0,3.5
5.5,0.0,0.0,3.5
5.6,0.0,0.0,3.5
5.7,0.0,0.0,3.5
5.8,0.0,0.0,3.5
5.9,0.0,0.0,3.5
6.0,0.0,0.0,3.5
6.1,0.0,0.0,3.5
6.2,0.0,0.0,3.5
6.3,0.0,0.0,3.5
6.4,0.0,0.0,3.5
6.5,0.0,0.0,3.5
6.6,0.0,0.0,3.5
6.7,0.0,0.0,3.5
6.8,0.0,0.0,3.5
6.9,0.0,0.0,3.5
7.0,0.0,0.0,3.5
7.1,0.0,0.0,3.5
7.2,0.0,0.0,3.5
7.3,0.0,0.0,3.5
7.4,0.0,0.0,3.5
7.5,0.0,0.0,3.5
7.6,0.0,0.0,3.5
7.7,0.0,0.0,3.5
7.8,0.0,0.0,3.5
7.9,0.0,0.0,3.5
8.0,0.0,0.0,3.5
8.1,0.0,0.0,3.5
8.2,0.0,0.0,3.5
8.3,0.0,0.0,3.5
8.4,0.0,0.0,3.5
8.5,0.0,0.0,3.5
8.6,0.0,0.0,3.5
8.7,0.0,0.0,3.5
8.8,0.0,0.0,3.5
8.9,0.0,0.0,3.5
9.0,0.0,0.0,3.5
9.1,0.0,0.0,3.5
9.2,0.0,0.0,3.5
9.3,0.0,0.0,3.5
9.4,0.0,0.0,3.5
9.5,0.0,0.0,3.5
9.6,0.0,0.0,3.5
9.7,0.0,0.0,3.5
9.8,0.0,0.0,3.5
9.9,0.0,0.0,3.5
10.0,0.0,0.0,3.5
10.1,0.0,0.0,3.5
10.2,0.0,0.0,3.5
10.3,0.0,0.0,3.5
10.4,0.0,0.0,3.5
10.5,0.0,0.0,3.5
10.6,0.0,0.0,3.5
10.7,0.0,0.0,3.5
10.8,0.0,0.0,3.5
10.9,0.0,0.0,3.5
11.0,0.0,0.0,3.5
11.1,0.0,0.0,3.5
11.2,0.0,0.0,3.5
11.3,0.0,0.0,3.5
11.4,0.0,0.0,3.5
11.5,0.0,0.0,3.5
11.6,0.0,0.0,3.5
11.7,0.0,0.0,3.5
11.8,0.0,0.0,3.5
11.9,0.0,0.0,3.5
12.0,0.0,0.0,3.5
12.1,0.0,0.0,3.5
12.2,0.0,0.0,3.5
12.3,0.0,0.0,3.5
12.4,0.0,0.0,3.5
12.5,0.0,0.0,3.5
12.6,0.0,0.0,3.5
12.7,0.0,0.0,3.5
12.8,0.0,0.0,3.5
12.9,0.0,0.0,3.5
13.0,0.0,0.0,3.5
13.1,0.0,0.0,3.5
13.2,0.0,0.0,3.5
13.3,0.0,0.0,3.5
13.4,0.0,0.0,3.5
13.5,0.0,0.0,3.5
13.6,0.0,0.0,3.5
13.7,0.0,0.0,3.5
13.8,0.0,0.0,3.5
13.9,0.0,0.0,3.5
14.0,0.0,0.0,3.5
14.1,0.0,0.0,3.5
14.2,0.0,0.0,3.5
14.3,0.0,0.0,3.5
14.4,0.0,0.0,3.5
14.5,0.0,0.0,3.5
14.6,0.0,0.0,3.5
14.7,0.0,0.0,3.5
14.8,0.0,0.0,3.5
14.9,0.0,0.0,3.5
15.0,0.0,0.0,3.5
15.15707676,0.00082246,0.005235991,3.5
15.3141363,0.003289748,0.015707961,3.5
15.47116139,0.007401595,0.026179941,3.5
15.62813481,0.013157549,0.036651914,3.5
15.78503934,0.020556979,0.047123891,3.5
15.94185779,0.029599074,0.057595866,3.5
16.09857296,0.040282842,0.068067838,3.5
16.25516765,0.052607111,0.078539814,3.5
16.4116247,0.066570531,0.089011794,3.5
16.56792695,0.082171569,0.099483764,3.5
16.72405726,0.099408516,0.109955745,3.5
16.8799985,0.11827948,0.120427721,3.5
17.03573359,0.138782393,0.13089969,3.5
17.19124543,0.160915006,0.141371673,3.5
17.34651698,0.184674891,0.151843639,3.5
17.5015312,0.210059444,0.162315627,3.5
17.6562711,0.23706588,0.172787597,3.5
17.81071972,0.265691239,0.183259567,3.5
17.96486011,0.295932381,0.193731546,3.5
18.11867536,0.327785989,0.204203529,3.5
18.27214862,0.361248571,0.214675497,3.5
18.42526305,0.396316457,0.225147475,3.5
18.57800186,0.432985801,0.235619449,3.5
18.73034831,0.471252583,0.246091417,3.5
18.88228568,0.511112606,0.256563401,3.5
19.03379731,0.552561498,0.267035378,3.5
19.18486659,0.595594715,0.277507355,3.5
19.33547695,0.640207537,0.287979332,3.5
19.48561188,0.686395072,0.2984513,3.5
19.63525492,0.734152256,0.308923266,3.5
19.78438964,0.78347385,0.319395259,3.5
19.9329997,0.834354446,0.329867228,3.5
20.0810688,0.886788466,0.340339214,3.5
20.22858071,0.940770158,0.350811172,3.5
20.37551924,0.996293603,0.361283163,3.5
20.52186829,1.053352712,0.371755123,3.5
20.6676118,1.111941228,0.38222711,3.5
20.8127338,1.172052726,0.392699066,3.5
20.95721836,1.233680615,0.403171067,3.5
21.10104965,1.296818135,0.41364302,3.5
21.24421188,1.361458364,0.424115029,3.5
21.38668937,1.427594213,0.434586984,3.5
21.52846649,1.495218429,0.445058952,3.5
21.66952769,1.564323596,0.455530924,3.5
21.8098575,1.634902137,0.466002907,3.5
21.94944053,1.706946312,0.476474891,3.5
22.08826147,1.780448219,0.486946877,3.5
22.22630511,1.855399799,0.49741883,3.5
22.3635563,1.931792833,0.507890822,3.5
22.5,2.009618943,0.518362774,3.5
22.63562124,2.088869595,0.528834753,3.5
22.77040514,2.169536098,0.539306755,3.5
22.90433693,2.251609605,0.549778717,3.5
23.03740192,2.335081117,0.560250696,3.5
23.16958553,2.419941481,0.570722636,3.5
23.30087324,2.506181389,0.58119465,3.5
23.43125067,2.593791386,0.591666616,3.5
23.56070352,2.682761863,0.602138582,3.5
23.68921759,2.773083064,0.612610567,3.5
23.81677878,2.864745084,0.623082576,3.5
23.94337312,2.957737872,0.63355452,3.5
24.06898672,3.05205123,0.644026491,3.5
24.1936058,3.147674814,0.654498473,3.5
24.3172167,3.24459814,0.664970444,3.5
24.43980587,3.342810578,0.675442387,3.5
24.56135985,3.442301358,0.685914397,3.5
24.68186532,3.54305957,0.696386369,3.5
24.80130906,3.645074165,0.706858365,3.5
24.91967798,3.748333956,0.717330326,3.5
25.0369591,3.852827618,0.727802278,3.5
25.15313955,3.958543693,0.738274271,3.5
25.26820659,4.065470589,0.748746268,3.5
25.38214761,4.173596579,0.759218221,3.5
25.49495011,4.282909806,0.769690199,3.5
25.60660172,4.393398282,0.780162173,3.5
25.71709019,4.505049892,0.790634181,3.5
25.82640342,4.617852392,0.801106114,3.5
25.93452941,4.731793411,0.811578101,3.5
26.04145631,4.846860455,0.822050058,3.5
26.14717238,4.963040905,0.832522079,3.5
26.25166604,5.08032202,0.842994037,3.5
26.35492583,5.19869094,0.853466006,3.5
26.45694043,5.318134684,0.863937954,3.5
26.55769864,5.438640154,0.874409967,3.5
26.65718942,5.560194134,0.88488193,3.5
26.75540186,5.682783296,0.895353898,3.5
26.85232519,5.806394195,0.905825859,3.5
26.94794877,5.931013277,0.916297882,3.5
27.04226213,6.056626876,0.926769822,3.5
27.13525492,6.183221216,0.937241796,3.5
27.22691694,6.310782415,0.947713784,3.5
27.31723814,6.439296485,0.958185765,3.5
27.40620861,6.568749332,0.96865777,3.5
27.49381861,6.699126761,0.979129692,3.5
27.58005852,6.830414475,0.98960168,3.5
27.66491888,6.962598075,1.000073677,3.5
27.74839039,7.095663068,1.010545652,3.5
27.8304639,7.229594859,1.021017597,3.5
27.91113041,7.364378764,1.03148955,3.5
27.99038106,7.5,1.041961572,3.5
28.06820717,7.636443696,1.05243354,3.5
28.1446002,7.773694888,1.062905534,3.5
28.21955178,7.911738527,1.073377493,3.5
28.29305369,8.050559473,1.083849451,3.5
28.36509786,8.190142504,1.094321467,3.5
28.4356764,8.330472312,1.10479342,3.5
28.50478157,8.471533509,1.115265377,3.5
28.57240579,8.613310627,1.125737347,3.5
28.63854164,8.755788116,1.136209334,3.5
28.70318186,8.898950354,1.146681371,3.5
28.76631939,9.04278164,1.157153238,3.5
28.82794727,9.187266203,1.16762532,3.5
28.88805877,9.332388198,1.178097236,3.5
28.94664729,9.47813171,1.188569198,3.5
29.0037064,9.624480757,1.199041191,3.5
29.05922984,9.77141929,1.2095132,3.5
29.11321153,9.918931196,1.219985158,3.5
29.16564555,10.0670003,1.230457121,3.5
29.21652615,10.21561036,1.240929074,3.5
29.26584774,10.36474508,1.251401092,3.5
29.31360493,10.51438812,1.261873025,3.5
29.35979246,10.66452305,1.272345057,3.5
29.40440529,10.81513341,1.282816946,3.5
29.4474385,10.96620269,1.293289015,3.5
29.48888739,11.11771432,1.303760961,3.5
29.52874742,11.26965169,1.314232883,3.5
29.5670142,11.42199814,1.324704922,3.5
29.60368354,11.57473695,1.335176902,3.5
29.63875143,11.72785138,1.345648827,3.5
29.67221401,11.88132464,1.356120843,3.5
29.70406762,12.03513989,1.366592785,3.5
29.73430876,12.18928028,1.377064794,3.5
29.76293412,12.3437289,1.387536754,3.5
29.78994056,12.4984688,1.398008705,3.5
29.81532511,12.65348302,1.408480719,3.5
29.83908499,12.80875457,1.418952719,3.5
29.86121761,12.96426641,1.429424609,3.5
29.88172052,13.1200015,1.439896655,3.5
29.90059148,13.27594274,1.450368631,3.5
29.91782843,13.43207305,1.460840563,3.5
29.93342947,13.5883753,1.471312551,3.5
29.94739289,13.74483235,1.481784533,3.5
29.95971716,13.90142704,1.492256507,3.5
29.97040093,14.05814221,1.502728476,3.5
29.97944302,14.21496066,1.513200493,3.5
29.98684245,14.37186519,1.523672436,3.5
29.99259841,14.52883861,1.534144374,3.5
29.99671025,14.6858637,1.544616431,3.5
29.99917754,14.84292324,1.555088353,3.5
30.0,15.0,1.565560336,3.5
29.99917754,15.15707676,1.576032318,3.5
29.99671025,15.3141363,1.5865043,3.5
29.99259841,15.47116139,1.596976223,3.5
29.98684245,15.62813481,1.607448279,3.5
29.97944302,15.78503934,1.617920218,3.5
29.97040093,15.94185779,1.628392161,3.5
29.95971716,16.09857296,1.638864177,3.5
29.94739289,16.25516765,1.649336147,3.5
29.93342947,16.4116247,1.65980812,3.5
29.91782843,16.56792695,1.670280103,3.5
29.90059148,16.72405726,1.680752091,3.5
29.88172052,16.8799985,1.691224023,3.5
29.86121761,17.03573359,1.701695998,3.5
29.83908499,17.19124543,1.712168044,3.5
29.81532511,17.34651698,1.722639934,3.5
29.78994056,17.5015312,1.733111934,3.5
29.76293412,17.6562711,1.743583949,3.5
29.73430876,17.81071972,1.7540559,3.5
29.70406762,17.96486011,1.76452786,3.5
29.67221401,18.11867536,1.774999868,3.5
29.63875143,18.27214862,1.785471811,3.5
29.60368354,18.42526305,1.795943826,3.5
29.5670142,18.57800186,1.806415751,3.5
29.52874742,18.73034831,1.816887731,3.5
29.48888739,18.88228568,1.827359771,3.5
29.4474385,19.03379731,1.837831692,3.5
29.40440529,19.18486659,1.848303639,3.5
29.35979246,19.33547695,1.858775708,3.5
29.31360493,19.48561188,1.869247596,3.5
29.26584774,19.63525492,1.879719629,3.5
29.21652615,19.78438964,1.890191562,3.5
29.16564555,19.9329997,1.900663579,3.5
29.11321153,20.0810688,1.911135541,3.5
29.05922984,20.22858071,1.921607486,3.5
29.0037064,20.37551924,1.93207946,3.5
28.94664729,20.52186829,1.942551456,3.5
28.88805877,20.6676118,1.95302346,3.5
28.82794727,20.8127338,1.963495405,3.5
28.76631939,20.95721836,1.973967341,3.5
28.70318186,21.10104965,1.984439406,3.5
28.63854164,21.24421188,1.994911304,3.5
28.57240579,21.38668937,2.005383317,3.5
28.50478157,21.52846649,2.015855301,3.5
28.4356764,21.66952769,2.026327268,3.5
28.36509786,21.8098575,2.036799228,3.5
28.29305369,21.94944053,2.04727119,3.5
28.21955178,22.08826147,2.057743221,3.5
28.1446002,22.22630511,2.068215157,3.5
28.06820717,22.3635563,2.078687126,3.5
27.99038106,22.5,2.089159101,3.5
27.91113041,22.63562124,2.099631069,3.5
27.8304639,22.77040514,2.11010312,3.5
27.74839039,22.90433693,2.12057506,3.5
27.66491888,23.03740192,2.131047012,3.5
27.58005852,23.16958553,2.141518942,3.5
27.49381861,23.30087324,2.151990988,3.5
27.40620861,23.43125067,2.162462958,3.5
27.31723814,23.56070352,2.172934872,3.5
27.22691694,23.68921759,2.183406888,3.5
27.13525492,23.81677878,2.193878903,3.5
27.04226213,23.94337312,2.204350857,3.5
26.94794877,24.06898672,2.214822828,3.5
26.85232519,24.1936058,2.22529478,3.5
26.75540186,24.3172167,2.235766791,3.5
26.65718942,24.43980587,2.246238724,3.5
26.55769864,24.56135985,2.256710724,3.5
26.45694043,24.68186532,2.267182686,3.5
26.35492583,24.80130906,2.277654716,3.5
26.25166604,24.91967798,2.288126648,3.5
26.14717238,25.0369591,2.298598595,3.5
26.04145631,25.15313955,2.309070575,3.5
25.93452941,25.26820659,2.319542613,3.5
25.82640342,25.38214761,2.330014548,3.5
25.71709019,25.49495011,2.340486539,3.5
25.60660172,25.60660172,2.350958473,3.5
25.49495011,25.71709019,2.361430508,3.5
25.38214761,25.82640342,2.371902441,3.5
25.26820659,25.93452941,2.382374432,3.5
25.15313955,26.04145631,2.392846367,3.5
25.0369591,26.14717238,2.403318406,3.5
24.91967798,26.25166604,2.413790385,3.5
24.80130906,26.35492583,2.424262333,3.5
24.68186532,26.45694043,2.434734265,3.5
24.56135985,26.55769864,2.445206294,3.5
24.43980587,26.65718942,2.455678257,3.5
24.3172167,26.75540186,2.466150257,3.5
24.1936058,26.85232519,2.47662219,3.5
24.06898672,26.94794877,2.487094201,3.5
23.94337312,27.04226213,2.497566153,3.5
23.81677878,27.13525492,2.508038123,3.5
23.68921759,27.22691694,2.518510078,3.5
23.56070352,27.31723814,2.528982092,3.5
23.43125067,27.40620861,2.539454108,3.5
23.30087324,27.49381861,2.549926022,3.5
23.16958553,27.58005852,2.560397993,3.5
23.03740192,27.66491888,2.570870039,3.5
22.90433693,27.74839039,2.581341968,3.5
22.77040514,27.8304639,2.59181392,3.5
22.63562124,27.91113041,2.60228586,3.5
22.5,27.99038106,2.612757912,3.5
22.3635563,28.06820717,2.623229879,3.5
22.22630511,28.1446002,2.633701854,3.5
22.08826147,28.21955178,2.644173823,3.5
21.94944053,28.29305369,2.65464576,3.5
21.8098575,28.36509786,2.66511779,3.5
21.66952769,28.4356764,2.675589752,3.5
21.52846649,28.50478157,2.686061712,3.5
21.38668937,28.57240579,2.696533679,3.5
21.24421188,28.63854164,2.707005664,3.5
21.10104965,28.70318186,2.717477677,3.5
20.95721836,28.76631939,2.727949575,3.5
20.8127338,28.82794727,2.73842164,3.5
20.6676118,28.88805877,2.748893575,3.5
20.52186829,28.94664729,2.75936552,3.5
20.37551924,29.0037064,2.769837525,3.5
20.22858071,29.05922984,2.78030952,3.5
20.0810688,29.11321153,2.790781494,3.5
19.9329997,29.16564555,2.801253439,3.5
19.78438964,29.21652615,2.811725401,3.5
19.63525492,29.26584774,2.822197419,3.5
19.48561188,29.31360493,2.832669351,3.5
19.33547695,29.35979246,2.843141384,3.5
19.18486659,29.40440529,2.853613273,3.5
19.03379731,29.4474385,2.864085342,3.5
18.88228568,29.48888739,2.874557288,3.5
18.73034831,29.52874742,2.885029209,3.5
18.57800186,29.5670142,2.895501249,3.5
18.42526305,29.60368354,2.905973229,3.5
18.27214862,29.63875143,2.916445154,3.5
18.11867536,29.67221401,2.926917169,3.5
17.96486011,29.70406762,2.937389112,3.5
17.81071972,29.73430876,2.94786112,3.5
17.6562711,29.76293412,2.95833308,3.5
17.5015312,29.78994056,2.968805031,3.5
17.34651698,29.81532511,2.979277046,3.5
17.19124543,29.83908499,2.989749046,3.5
17.03573359,29.86121761,3.000220936,3.5
16.8799985,29.88172052,3.010692982,3.5
16.72405726,29.90059148,3.021164958,3.5
16.56792695,29.91782843,3.03163689,3.5
16.4116247,29.93342947,3.042108877,3.5
16.25516765,29.94739289,3.05258086,3.5
16.09857296,29.95971716,3.063052833,3.5
15.94185779,29.97040093,3.073524803,3.5
15.78503934,29.97944302,3.08399682,3.5
15.62813481,29.98684245,3.094468763,3.5
15.47116139,29.99259841,3.104940701,3.5
15.3141363,29.99671025,3.115412757,3.5
15.15707676,29.99917754,3.12588468,3.5
15.0,30.0,3.136356663,3.5
14.9,30.0,3.141592654,3.5
14.8,30.0,3.141592654,3.5
14.7,30.0,3.141592654,3.5
14.6,30.0,3.141592654,3.5
14.5,30.0,3.141592654,3.5
14.4,30.0,3.141592654,3.5
14.3,30.0,3.141592654,3.5
14.2,30.0,3.141592654,3.5
14.1,30.0,3.141592654,3.5
14.0,30.0,3.141592654,3.5
13.9,30.0,3.141592654,3.5
13.8,30.0,3.141592654,3.5
13.7,30.0,3.141592654,3.5
13.6,30.0,3.141592654,3.5
13.5,30.0,3.141592654,3.5
13.4,30.0,3.141592654,3.5
13.3,30.0,3.141592654,3.5
13.2,30.0,3.141592654,3.5
13.1,30.0,3.141592654,3.5
13.0,30.0,3.141592654,3.5
12.9,30.0,3.141592654,3.5
12.8,30.0,3.141592654,3.5
12.7,30.0,3.141592654,3.5
12.6,30.0,3.141592654,3.5
12.5,30.0,3.141592654,3.5
12.4,30.0,3.141592654,3.5
12.3,30.0,3.141592654,3.5
12.2,30.0,3.141592654,3.5
12.1,30.0,3.141592654,3.5
12.0,30.0,3.141592654,3.5
11.9,30.0,3.141592654,3.5
11.8,30.0,3.141592654,3.5
11.7,30.0,3.141592654,3.5
11.6,30.0,3.141592654,3.5
11.5,30.0,3.141592654,3.5
11.4,30.0,3.141592654,3.5
11.3,30.0,3.141592654,3.5
11.2,30.0,3.141592654,3.5
11.1,30.0,3.141592654,3.5
11.0,30.0,3.141592654,3.5
10.9,30.0,3.141592654,3.5
10.8,30.0,3.141592654,3.5
10.7,30.0,3.141592654,3.5
10.6,30.0,3.141592654,3.5
10.5,30.0,3.141592654,3.5
10.4,30.0,3.141592654,3.5
10.3,30.0,3.141592654,3.5
10.2,30.0,3.141592654,3.5
10.1,30.0,3.141592654,3.5
10.0,30.0,3.141592654,3.5
9.9,30.0,3.141592654,3.5
9.8,30.0,3.141592654,3.5
9.7,30.0,3.141592654,3.5
9.6,30.0,3.141592654,3.5
9.5,30.0,3.141592654,3.5
9.4,30.0,3.141592654,3.5
9.3,30.0,3.141592654,3.5
9.2,30.0,3.141592654,3.5
9.1,30.0,3.141592654,3.5
9.0,30.0,3.141592654,3.5
8.9,30.0,3.141592654,3.5
8.8,30.0,3.141592654,3.5
8.7,30.0,3.141592654,3.5
8.6,30.0,3.141592654,3.5
8.5,30.0,3.141592654,3.5
8.4,30.0,3.141592654,3.5
8.3,30.0,3.141592654,3.5
8.2,30.0,3.141592654,3.5
8.1,30.0,3.141592654,3.5
8.0,30.0,3.141592654,3.5
7.9,30.0,3.141592654,3.5
7.8,30.0,3.141592654,3.5
7.7,30.0,3.141592654,3.5
7.6,30.0,3.141592654,3.5
7.5,30.0,3.141592654,3.5
7.4,30.0,3.141592654,3.5
7.3,30.0,3.141592654,3.5
7.2,30.0,3.141592654,3.5
7.1,30.0,3.141592654,3.5
7.0,30.0,3.141592654,3.5
6.9,30.0,3.141592654,3.5
6.8,30.0,3.141592654,3.5
6.7,30.0,3.141592654,3.5
6.6,30.0,3.141592654,3.5
6.5,30.0,3.141592654,3.5
6.4,30.0,3.141592654,3.5
6.3,30.0,3.141592654,3.5
6.2,30.0,3.141592654,3.5
6.1,30.0,3.141592654,3.5
6.0,30.0,3.141592654,3.5
5.9,30.0,3.141592654,3.5
5.8,30.0,3.141592654,3.5
5.7,30.0,3.141592654,3.5
5.6,30.0,3.141592654,3.5
5.5,30.0,3.141592654,3.5
5.4,30.0,3.141592654,3.5
5.3,30.0,3.141592654,3.5
5.2,30.0,3.141592654,3.5
5.1,30.0,3.141592654,3.5
5.0,30.0,3.141592654,3.5
4.9,30.0,3.141592654,3.5
4.8,30.0,3.141592654,3.5
4.7,30.0,3.141592654,3.5
4.6,30.0,3.141592654,3.5
4.5,30.0,3.141592654,3.5
4.4,30.0,3.141592654,3.5
4.3,30.0,3.141592654,3.5
4.2,30.0,3.141592654,3.5
4.1,30.0,3.141592654,3.5
4.0,30.0,3.141592654,3.5
3.9,30.0,3.141592654,3.5
3.8,30.0,3.141592654,3.5
3.7,30.0,3.141592654,3.5
3.6,30.0,3.141592654,3.5
3.5,30.0,3.141592654,3.5
3.4,30.0,3.141592654,3.5
3.3,30.0,3.141592654,3.5
3.2,30.0,3.141592654,3.5
3.1,30.0,3.141592654,3.5
3.0,30.0,3.141592654,3.5
2.9,30.0,3.141592654,3.5
2.8,30.0,3.141592654,3.5
2.7,30.0,3.141592654,3.5
2.6,30.0,3.141592654,3.5
2.5,30.0,3.141592654,3.5
2.4,30.0,3.141592654,3.5
2.3,30.0,3.141592654,3.5
2.2,30.0,3.141592654,3.5
2.1,30.0,3.141592654,3.5
2.0,30.0,3.141592654,3.5
1.9,30.0,3.141592654,3.5
1.8,30.0,3.141592654,3.5
1.7,30.0,3.141592654,3.5
1.6,30.0,3.141592654,3.5
1.5,30.0,3.141592654,3.5
1.4,30.0,3.141592654,3.5
1.3,30.0,3.141592654,3.5
1.2,30.0,3.141592654,3.5
1.1,30.0,3.141592654,3.5
1.0,30.0,3.141592654,3.5
0.9,30.0,3.141592654,3.5
0.8,30.0,3.141592654,3.5
0.7,30.0,3.141592654,3.5
0.6,30.0,3.141592654,3.5
0.5,30.0,3.141592654,3.5
0.4,30.0,3.141592654,3.5
0.3,30.0,3.141592654,3.5
0.2,30.0,3.141592654,3.5
0.1,30.0,3.141592654,3.5
0.0,30.0,3.141592654,3.5
-0.1,30.0,3.141592654,3.5
-0.2,30.0,3.141592654,3.5
-0.3,30.0,3.141592654,3.5
-0.4,30.0,3.141592654,3.5
-0.5,30.0,3.141592654,3.5
-0.6,30.0,3.141592654,3.5
-0.7,30.0,3.141592654,3.5
-0.8,30.0,3.141592654,3.5
-0.9,30.0,3.141592654,3.5
-1.0,30.0,3.141592654,3.5
-1.1,30.0,3.141592654,3.5
-1.2,30.0,3.141592654,3.5
-1.3,30.0,3.141592654,3.5
-1.4,30.0,3.141592654,3.5
-1.5,30.0,3.141592654,3.5
-1.6,30.0,3.141592654,3.5
-1.7,30.0,3.141592654,3.5
-1.8,30.0,3.141592654,3.5
-1.9,30.0,3.141592654,3.5
-2.0,30.0,3.141592654,3.5
-2.1,30.0,3.141592654,3.5
-2.2,30.0,3.141592654,3.5
-2.3,30.0,3.141592654,3.5
-2.4,30.0,3.141592654,3.5
-2.5,30.0,3.141592654,3.5
-2.6,30.0,3.141592654,3.5
-2.7,30.0,3.141592654,3.5
-2.8,30.0,3.141592654,3.5
-2.9,30.0,3.141592654,3.5
-3.0,30.0,3.141592654,3.5
-3.1,30.0,3.141592654,3.5
-3.2,30.0,3.141592654,3.5
-3.3,30.0,3.141592654,3.5
-3.4,30.0,3.141592654,3.5
-3.5,30.0,3.141592654,3.5
-3.6,30.0,3.141592654,3.5
-3.7,30.0,3.141592654,3.5
-3.8,30.0,3.141592654,3.5
-3.9,30.0,3.141592654,3.5
-4.0,30.0,3.141592654,3.5
-4.1,30.0,3.141592654,3.5
-4.2,30.0,3.141592654,3.5
-4.3,30.0,3.141592654,3.5
-4.4,30.0,3.141592654,3.5
-4.5,30.0,3.141592654,3.5
-4.6,30.0,3.141592654,3.5
-4.7,30.0,3.141592654,3.5
-4.8,30.0,3.141592654,3.5
-4.9,30.0,3.141592654,3.5
-5.0,30.0,3.141592654,3.5
-5.1,30.0,3.141592654,3.5
-5.2,30.0,3.141592654,3.5
-5.3,30.0,3.141592654,3.5
-5.4,30.0,3.141592654,3.5
-5.5,30.0,3.141592654,3.5
-5.6,30.0,3.141592654,3.5
-5.7,30.0,3.141592654,3.5
-5.8,30.0,3.141592654,3.5
-5.9,30.0,3.141592654,3.5
-6.0,30.0,3.141592654,3.5
-6.1,30.0,3.141592654,3.5
-6.2,30.0,3.141592654,3.5
-6.3,30.0,3.141592654,3.5
-6.4,30.0,3.141592654,3.5
-6.5,30.0,3.141592654,3.5
-6.6,30.0,3.141592654,3.5
-6.7,30.0,3.141592654,3.5
-6.8,30.0,3.141592654,3.5
-6.9,30.0,3.141592654,3.5
-7.0,30.0,3.141592654,3.5
-7.1,30.0,3.141592654,3.5
-7.2,30.0,3.141592654,3.5
-7.3,30.0,3.141592654,3.5
-7.4,30.0,3.141592654,3.5
-7.5,30.0,3.141592654,3.5
-7.6,30.0,3.141592654,3.5
-7.7,30.0,3.141592654,3.5
-7.8,30.0,3.141592654,3.5
-7.9,30.0,3.141592654,3.5
-8.0,30.0,3.141592654,3.5
-8.1,30.0,3.141592654,3.5
-8.2,30.0,3.141592654,3.5
-8.3,30.0,3.141592654,3.5
-8.4,30.0,3.141592654,3.5
-8.5,30.0,3.141592654,3.5
-8.6,30.0,3.141592654,3.5
-8.7,30.0,3.141592654,3.5
-8.8,30.0,3.141592654,3.5
-8.9,30.0,3.141592654,3.5
-9.0,30.0,3.141592654,3.5
-9.1,30.0,3.141592654,3.5
-9.2,30.0,3.141592654,3.5
-9.3,30.0,3.141592654,3.5
-9.4,30.0,3.141592654,3.5
-9.5,30.0,3.141592654,3.5
-9.6,30.0,3.141592654,3.5
-9.7,30.0,3.141592654,3.5
-9.8,30.0,3.141592654,3.5
-9.9,30.0,3.141592654,3.5
-10.0,30.0,3.141592654,3.5
-10.1,30.0,3.141592654,3.5
-10.2,30.0,3.141592654,3.5
-10.3,30.0,3.141592654,3.5
-10.4,30.0,3.141592654,3.5
-10.5,30.0,3.141592654,3.5
-10.6,30.0,3.141592654,3.5
-10.7,30.0,3.141592654,3.5
-10.8,30.0,3.141592654,3.5
-10.9,30.0,3.141592654,3.5
-11.0,30.0,3.141592654,3.5
-11.1,30.0,3.141592654,3.5
-11.2,30.0,3.141592654,3.5
-11.3,30.0,3.141592654,3.5
-11.4,30.0,3.141592654,3.5
-11.5,30.0,3.141592654,3.5
-11.6,30.0,3.141592654,3.5
-11.7,30.0,3.141592654,3.5
-11.8,30.0,3.141592654,3.5
-11.9,30.0,3.141592654,3.5
-12.0,30.0,3.141592654,3.5
-12.1,30.0,3.141592654,3.5
-12.2,30.0,3.141592654,3.5
-12.3,30.0,3.141592654,3.5
-12.4,30.0,3.141592654,3.5
-12.5,30.0,3.141592654,3.5
-12.6,30.0,3.141592654,3.5
-12.7,30.0,3.141592654,3.5
-12.8,30.0,3.141592654,3.5
-12.9,30.0,3.141592654,3.5
-13.0,30.0,3.141592654,3.5
-13.1,30.0,3.141592654,3.5
-13.2,30.0,3.141592654,3.5
-13.3,30.0,3.141592654,3.5
-13.4,30.0,3.141592654,3.5
-13.5,30.0,3.141592654,3.5
-13.6,30.0,3.141592654,3.5
-13.7,30.0,3.141592654,3.5
-13.8,30.0,3.141592654,3.5
-13.9,30.0,3.141592654,3.5
-14.0,30.0,3.141592654,3.5
-14.1,30.0,3.141592654,3.5
-14.2,30.0,3.141592654,3.5
-14.3,30.0,3.141592654,3.5
-14.4,30.0,3.141592654,3.5
-14.5,30.0,3.141592654,3.5
-14.6,30.0,3.141592654,3.5
-14.7,30.0,3.141592654,3.5
-14.8,30.0,3.141592654,3.5
-14.9,30.0,3.141592654,3.5
-15.0,30.0,3.141592654,3.5
-15.15707676,29.99917754,3.146828644,3.5
-15.3141363,29.99671025,3.157300627,3.5
-15.47116139,29.99259841,3.16777255,3.5
-15.62813481,29.98684245,3.178244606,3.5
-15.78503934,29.97944302,3.188716545,3.5
-15.94185779,29.97040093,3.199188488,3.5
-16.09857296,29.95971716,3.209660504,3.5
-16.25516765,29.94739289,3.220132474,3.5
-16.4116247,29.93342947,3.230604447,3.5
-16.56792695,29.91782843,3.24107643,3.5
-16.72405726,29.90059148,3.251548417,3.5
-16.8799985,29.88172052,3.26202035,3.5
-17.03573359,29.86121761,3.272492325,3.5
-17.19124543,29.83908499,3.282964371,3.5
-17.34651698,29.81532511,3.293436261,3.5
-17.5015312,29.78994056,3.303908261,3.5
-17.6562711,29.76293412,3.314380276,3.5
-17.81071972,29.73430876,3.324852227,3.5
-17.96486011,29.70406762,3.335324187,3.5
-18.11867536,29.67221401,3.345796195,3.5
-18.27214862,29.63875143,3.356268138,3.5
-18.42526305,29.60368354,3.366740153,3.5
-18.57800186,29.5670142,3.377212078,3.5
-18.73034831,29.52874742,3.387684058,3.5
-18.88228568,29.48888739,3.398156098,3.5
-19.03379731,29.4474385,3.408628019,3.5
-19.18486659,29.40440529,3.419099965,3.5
-19.33547695,29.35979246,3.429572034,3.5
-19.48561188,29.31360493,3.440043923,3.5
-19.63525492,29.26584774,3.450515956,3.5
-19.78438964,29.21652615,3.460987889,3.5
-19.9329997,29.16564555,3.471459906,3.5
-20.0810688,29.11321153,3.481931868,3.5
-20.22858071,29.05922984,3.492403813,3.5
-20.37551924,29.0037064,3.502875787,3.5
-20.52186829,28.94664729,3.513347783,3.5
-20.6676118,28.88805877,3.523819787,3.5
-20.8127338,28.82794727,3.534291732,3.5
-20.95721836,28.76631939,3.544763667,3.5
-21.10104965,28.70318186,3.555235732,3.5
-21.24421188,28.63854164,3.56570763,3.5
-21.38668937,28.57240579,3.576179644,3.5
-21.52846649,28.50478157,3.586651628,3.5
-21.66952769,28.4356764,3.597123595,3.5
-21.8098575,28.36509786,3.607595555,3.5
-21.94944053,28.29305369,3.618067517,3.5
-22.08826147,28.21955178,3.628539548,3.5
-22.22630511,28.1446002,3.639011484,3.5
-22.3635563,28.06820717,3.649483453,3.5
-22.5,27.99038106,3.659955428,3.5
-22.63562124,27.91113041,3.670427396,3.5
-22.77040514,27.8304639,3.680899447,3.5
-22.90433693,27.74839039,3.691371387,3.5
-23.03740192,27.66491888,3.701843339,3.5
-23.16958553,27.58005852,3.712315269,3.5
-23.30087324,27.49381861,3.722787314,3.5
-23.43125067,27.40620861,3.733259285,3.5
-23.56070352,27.31723814,3.743731199,3.5
-23.68921759,27.22691694,3.754203215,3.5
-23.81677878,27.13525492,3.764675229,3.5
-23.94337312,27.04226213,3.775147184,3.5
-24.06898672,26.94794877,3.785619154,3.5
-24.1936058,26.85232519,3.796091106,3.5
-24.3172167,26.75540186,3.806563117,3.5
-24.43980587,26.65718942,3.81703505,3.5
-24.56135985,26.55769864,3.82750705,3.5
-24.68186532,26.45694043,3.837979013,3.5
-24.80130906,26.35492583,3.848451043,3.5
-24.91967798,26.25166604,3.858922975,3.5
-25.0369591,26.14717238,3.869394922,3.5
-25.15313955,26.04145631,3.879866901,3.5
-25.26820659,25.93452941,3.89033894,3.5
-25.38214761,25.82640342,3.900810875,3.5
-25.49495011,25.71709019,3.911282866,3.5
-25.60660172,25.60660172,3.921754799,3.5
-25.71709019,25.49495011,3.932226835,3.5
-25.82640342,25.38214761,3.942698768,3.5
-25.93452941,25.26820659,3.953170759,3.5
-26.04145631,25.15313955,3.963642694,3.5
-26.14717238,25.0369591,3.974114733,3.5
-26.25166604,24.91967798,3.984586712,3.5
-26.35492583,24.80130906,3.995058659,3.5
-26.45694043,24.68186532,4.005530591,3.5
-26.55769864,24.56135985,4.016002621,3.5
-26.65718942,24.43980587,4.026474583,3.5
-26.75540186,24.3172167,4.036946584,3.5
-26.85232519,24.1936058,4.047418517,3.5
-26.94794877,24.06898672,4.057890528,3.5
-27.04226213,23.94337312,4.06836248,3.5
-27.13525492,23.81677878,4.07883445,3.5
-27.22691694,23.68921759,4.089306405,3.5
-27.31723814,23.56070352,4.099778419,3.5
-27.40620861,23.43125067,4.110250435,3.5
-27.49381861,23.30087324,4.120722349,3.5
-27.58005852,23.16958553,4.13119432,3.5
-27.66491888,23.03740192,4.141666365,3.5
-27.74839039,22.90433693,4.152138295,3.5
-27.8304639,22.77040514,4.162610247,3.5
-27.91113041,22.63562124,4.173082187,3.5
-27.99038106,22.5,4.183554238,3.5
-28.06820717,22.3635563,4.194026206,3.5
-28.1446002,22.22630511,4.204498181,3.5
-28.21955178,22.08826147,4.21497015,3.5
-28.29305369,21.94944053,4.225442086,3.5
-28.36509786,21.8098575,4.235914117,3.5
-28.4356764,21.66952769,4.246386079,3.5
-28.50478157,21.52846649,4.256858039,3.5
-28.57240579,21.38668937,4.267330006,3.5
-28.63854164,21.24421188,4.27780199,3.5
-28.70318186,21.10104965,4.288274004,3.5
-28.76631939,20.95721836,4.298745902,3.5
-28.82794727,20.8127338,4.309217967,3.5
-28.88805877,20.6676118,4.319689902,3.5
-28.94664729,20.52186829,4.330161847,3.5
-29.0037064,20.37551924,4.340633851,3.5
-29.05922984,20.22858071,4.351105847,3.5
-29.11321153,20.0810688,4.361577821,3.5
-29.16564555,19.9329997,4.372049766,3.5
-29.21652615,19.78438964,4.382521728,3.5
-29.26584774,19.63525492,4.392993745,3.5
-29.31360493,19.48561188,4.403465678,3.5
-29.35979246,19.33547695,4.413937711,3.5
-29.40440529,19.18486659,4.4244096,3.5
-29.4474385,19.03379731,4.434881669,3.5
-29.48888739,18.88228568,4.445353615,3.5
-29.52874742,18.73034831,4.455825536,3.5
-29.5670142,18.57800186,4.466297576,3.5
-29.60368354,18.42526305,4.476769556,3.5
-29.63875143,18.27214862,4.487241481,3.5
-29.67221401,18.11867536,4.497713496,3.5
-29.70406762,17.96486011,4.508185439,3.5
-29.73430876,17.81071972,4.518657447,3.5
-29.76293412,17.6562711,4.529129407,3.5
-29.78994056,17.5015312,4.539601358,3.5
-29.81532511,17.34651698,4.550073373,3.5
-29.83908499,17.19124543,4.560545373,3.5
-29.86121761,17.03573359,4.571017263,3.5
-29.88172052,16.8799985,4.581489309,3.5
-29.90059148,16.72405726,4.591961284,3.5
-29.91782843,16.56792695,4.602433217,3.5
-29.93342947,16.4116247,4.612905204,3.5
-29.94739289,16.25516765,4.623377187,3.5
-29.95971716,16.09857296,4.63384916,3.5
-29.97040093,15.94185779,4.64432113,3.5
-29.97944302,15.78503934,4.654793146,3.5
-29.98684245,15.62813481,4.665265089,3.5
-29.99259841,15.47116139,4.675737028,3.5
-29.99671025,15.3141363,4.686209084,3.5
-29.99917754,15.15707676,4.696681007,3.5
-30.0,15.0,4.707152989,3.5
-29.99917754,14.84292324,4.717624971,3.5
-29.99671025,14.6858637,4.728096954,3.5
-29.99259841,14.52883861,4.738568877,3.5
-29.98684245,14.37186519,4.749040933,3.5
-29.97944302,14.21496066,4.759512871,3.5
-29.97040093,14.05814221,4.769984814,3.5
-29.95971716,13.90142704,4.780456831,3.5
-29.94739289,13.74483235,4.790928801,3.5
-29.93342947,13.5883753,4.801400774,3.5
-29.91782843,13.43207305,4.811872757,3.5
-29.90059148,13.27594274,4.822344744,3.5
-29.88172052,13.1200015,4.832816676,3.5
-29.86121761,12.96426641,4.843288652,3.5
-29.83908499,12.80875457,4.853760698,3.5
-29.81532511,12.65348302,4.864232588,3.5
-29.78994056,12.4984688,4.874704588,3.5
-29.76293412,12.3437289,4.885176603,3.5
-29.73430876,12.18928028,4.895648554,3.5
-29.70406762,12.03513989,4.906120514,3.5
-29.67221401,11.88132464,4.916592522,3.5
-29.63875143,11.72785138,4.927064465,3.5
-29.60368354,11.57473695,4.93753648,3.5
-29.5670142,11.42199814,4.948008405,3.5
-29.52874742,11.26965169,4.958480385,3.5
-29.48888739,11.11771432,4.968952425,3.5
-29.4474385,10.96620269,4.979424346,3.5
-29.40440529,10.81513341,4.989896292,3.5
-29.35979246,10.66452305,5.000368361,3.5
-29.31360493,10.51438812,5.01084025,3.5
-29.26584774,10.36474508,5.021312283,3.5
-29.21652615,10.21561036,5.031784215,3.5
-29.16564555,10.0670003,5.042256233,3.5
-29.11321153,9.918931196,5.052728186,3.5
-29.05922984,9.77141929,5.063200149,3.5
-29.0037064,9.624480757,5.073672107,3.5
-28.94664729,9.47813171,5.084144116,3.5
-28.88805877,9.332388198,5.094616109,3.5
-28.82794727,9.187266203,5.105088071,3.5
-28.76631939,9.04278164,5.115559987,3.5
-28.70318186,8.898950354,5.126032069,3.5
-28.63854164,8.755788116,5.136503936,3.5
-28.57240579,8.613310627,5.146975973,3.5
-28.50478157,8.471533509,5.15744796,3.5
-28.4356764,8.330472312,5.16791993,3.5
-28.36509786,8.190142504,5.178391887,3.5
-28.29305369,8.050559473,5.188863841,3.5
-28.21955178,7.911738527,5.199335857,3.5
-28.1446002,7.773694888,5.209807814,3.5
-28.06820717,7.636443696,5.220279773,3.5
-27.99038106,7.5,5.230751767,3.5
-27.91113041,7.364378764,5.241223735,3.5
-27.8304639,7.229594859,5.251695757,3.5
-27.74839039,7.095663068,5.262167711,3.5
-27.66491888,6.962598075,5.272639655,3.5
-27.58005852,6.830414475,5.28311163,3.5
-27.49381861,6.699126761,5.293583627,3.5
-27.40620861,6.568749332,5.304055616,3.5
-27.31723814,6.439296485,5.314527537,3.5
-27.22691694,6.310782415,5.324999542,3.5
-27.13525492,6.183221216,5.335471523,3.5
-27.04226213,6.056626876,5.345943511,3.5
-26.94794877,5.931013277,5.356415485,3.5
-26.85232519,5.806394195,5.366887425,3.5
-26.75540186,5.682783296,5.377359448,3.5
-26.65718942,5.560194134,5.387831409,3.5
-26.55769864,5.438640154,5.398303377,3.5
-26.45694043,5.318134684,5.40877534,3.5
-26.35492583,5.19869094,5.419247353,3.5
-26.25166604,5.08032202,5.429719301,3.5
-26.14717238,4.963040905,5.44019127,3.5
-26.04145631,4.846860455,5.450663228,3.5
-25.93452941,4.731793411,5.461135249,3.5
-25.82640342,4.617852392,5.471607206,3.5
-25.71709019,4.505049892,5.482079193,3.5
-25.60660172,4.393398282,5.492551126,3.5
-25.49495011,4.282909806,5.503023134,3.5
-25.38214761,4.173596579,5.513495109,3.5
-25.26820659,4.065470589,5.523967086,3.5
-25.15313955,3.958543693,5.53443904,3.5
-25.0369591,3.852827618,5.544911036,3.5
-24.91967798,3.748333956,5.555383029,3.5
-24.80130906,3.645074165,5.565854981,3.5
-24.68186532,3.54305957,5.576326942,3.5
-24.56135985,3.442301358,5.586798938,3.5
-24.43980587,3.342810578,5.59727091,3.5
-24.3172167,3.24459814,5.60774292,3.5
-24.1936058,3.147674814,5.618214863,3.5
-24.06898672,3.05205123,5.628686834,3.5
-23.94337312,2.957737872,5.639158817,3.5
-23.81677878,2.864745084,5.649630787,3.5
-23.68921759,2.773083064,5.660102731,3.5
-23.56070352,2.682761863,5.670574741,3.5
-23.43125067,2.593791386,5.681046725,3.5
-23.30087324,2.506181389,5.691518691,3.5
-23.16958553,2.419941481,5.701990657,3.5
-23.03740192,2.335081117,5.712462671,3.5
-22.90433693,2.251609605,5.722934611,3.5
-22.77040514,2.169536098,5.73340659,3.5
-22.63562124,2.088869595,5.743878552,3.5
-22.5,2.009618943,5.754350554,3.5
-22.3635563,1.931792833,5.764822533,3.5
-22.22630511,1.855399799,5.775294486,3.5
-22.08826147,1.780448219,5.785766477,3.5
-21.94944053,1.706946312,5.79623843,3.5
-21.8098575,1.634902137,5.806710416,3.5
-21.66952769,1.564323596,5.8171824,3.5
-21.52846649,1.495218429,5.827654383,3.5
-21.38668937,1.427594213,5.838126356,3.5
-21.24421188,1.361458364,5.848598323,3.5
-21.10104965,1.296818135,5.859070278,3.5
-20.95721836,1.233680615,5.869542287,3.5
-20.8127338,1.172052726,5.880014241,3.5
-20.6676118,1.111941228,5.890486241,3.5
-20.52186829,1.053352712,5.900958197,3.5
-20.37551924,0.996293603,5.911430184,3.5
-20.22858071,0.940770158,5.921902144,3.5
-20.0810688,0.886788466,5.932374136,3.5
-19.9329997,0.834354446,5.942846093,3.5
-19.78438964,0.78347385,5.953318079,3.5
-19.63525492,0.734152256,5.963790048,3.5
-19.48561188,0.686395072,5.974262041,3.5
-19.33547695,0.640207537,5.984734007,3.5
-19.18486659,0.595594715,5.995205975,3.5
-19.03379731,0.552561498,6.005677953,3.5
-18.88228568,0.511112606,6.016149929,3.5
-18.73034831,0.471252583,6.026621906,3.5
-18.57800186,0.432985801,6.037093891,3.5
-18.42526305,0.396316457,6.047565858,3.5
-18.27214862,0.361248571,6.058037833,3.5
-18.11867536,0.327785989,6.068509811,3.5
-17.96486011,0.295932381,6.078981778,3.5
-17.81071972,0.265691239,6.089453762,3.5
-17.6562711,0.23706588,6.09992574,3.5
-17.5015312,0.210059444,6.11039771,3.5
-17.34651698,0.184674891,6.120869681,3.5
-17.19124543,0.160915006,6.131341668,3.5
-17.03573359,0.138782393,6.141813634,3.5
-16.8799985,0.11827948,6.152285617,3.5
-16.72405726,0.099408516,6.162757586,3.5
-16.56792695,0.082171569,6.173229562,3.5
-16.4116247,0.066570531,6.183701544,3.5
-16.25516765,0.052607111,6.194173514,3.5
-16.09857296,0.040282842,6.204645493,3.5
-15.94185779,0.029599074,6.215117469,3.5
-15.78503934,0.020556979,6.225589441,3.5
-15.62813481,0.013157549,6.236061416,3.5
-15.47116139,0.007401595,6.246533393,3.5
-15.3141363,0.003289748,6.257005366,3.5
-15.15707676,0.00082246,6.267477347,3.5
-15.0,0.0,6.277949316,3.5
-14.9,0.0,0.0,3.5
-14.8,0.0,0.0,3.5
-14.7,0.0,0.0,3.5
-14.6,0.0,0.0,3.5
-14.5,0.0,0.0,3.5
-14.4,0.0,0.0,3.5
-14.3,0.0,0.0,3.5
-14.2,0.0,0.0,3.5
-14.1,0.0,0.0,3.5
-14.0,0.0,0.0,3.5
-13.9,0.0,0.0,3.5
-13.8,0.0,0.0,3.5
-13.7,0.0,0.0,3.5
-13.6,0.0,0.0,3.5
-13.5,0.0,0.0,3.5
-13.4,0.0,0.0,3.5
-13.3,0.0,0.0,3.5
-13.2,0.0,0.0,3.5
-13.1,0.0,0.0,3.5
-13.0,0.0,0.0,3.5
-12.9,0.0,0.0,3.5
-12.8,0.0,0.0,3.5
-12.7,0.0,0.0,3.5
-12.6,0.0,0.0,3.5
-12.5,0.0,0.0,3.5
-12.4,0.0,0.0,3.5
-12.3,0.0,0.0,3.5
-12.2,0.0,0.0,3.5
-12.1,0.0,0.0,3.5
-12.0,0.0,0.0,3.5
-11.9,0.0,0.0,3.5
-11.8,0.0,0.0,3.5
-11.7,0.0,0.0,3.5
-11.6,0.0,0.0,3.5
-11.5,0.0,0.0,3.5
-11.4,0.0,0.0,3.5
-11.3,0.0,0.0,3.5
-11.2,0.0,0.0,3.5
-11.1,0.0,0.0,3.5
-11.0,0.0,0.0,3.5
-10.9,0.0,0.0,3.5
-10.8,0.0,0.0,3.5
-10.7,0.0,0.0,3.5
-10.6,0.0,0.0,3.5
-10.5,0.0,0.0,3.5
-10.4,0.0,0.0,3.5
-10.3,0.0,0.0,3.5
-10.2,0.0,0.0,3.5
-10.1,0.0,0.0,3.5
-10.0,0.0,0.0,3.5
-9.9,0.0,0.0,3.5
-9.8,0.0,0.0,3.5
-9.7,0.0,0.0,3.5
-9.6,0.0,0.0,3.5
-9.5,0.0,0.0,3.5
-9.4,0.0,0.0,3.5
-9.3,0.0,0.0,3.5
-9.2,0.0,0.0,3.5
-9.1,0.0,0.0,3.5
-9.0,0.0,0.0,3.5
-8.9,0.0,0.0,3.5
-8.8,0.0,0.0,3.5
-8.7,0.0,0.0,3.5
-8.6,0.0,0.0,3.5
-8.5,0.0,0.0,3.5
-8.4,0.0,0.0,3.5
-8.3,0.0,0.0,3.5
-8.2,0.0,0.0,3.5
-8.1,0.0,0.0,3.5
-8.0,0.0,0.0,3.5
-7.9,0.0,0.0,3.5
-7.8,0.0,0.0,3.5
-7.7,0.0,0.0,3.5
-7.6,0.0,0.0,3.5
-7.5,0.0,0.0,3.5
-7.4,0.0,0.0,3.5
-7.3,0.0,0.0,3.5
-7.2,0.0,0.0,3.5
-7.1,0.0,0.0,3.5
-7.0,0.0,0.0,3.5
-6.9,0.0,0.0,3.5
-6.8,0.0,0.0,3.5
-6.7,0.0,0.0,3.5
-6.6,0.0,0.0,3.5
-6.5,0.0,0.0,3.5
-6.4,0.0,0.0,3.5
-6.3,0.0,0.0,3.5
-6.2,0.0,0.0,3.5
-6.1,0.0,0.0,3.5
-6.0,0.0,0.0,3.5
-5.9,0.0,0.0,3.5
-5.8,0.0,0.0,3.5
-5.7,0.0,0.0,3.5
-5.6,0.0,0.0,3.5
-5.5,0.0,0.0,3.5
-5.4,0.0,0.0,3.5
-5.3,0.0,0.0,3.5
-5.2,0.0,0.0,3.5
-5.1,0.0,0.0,3.5
-5.0,0.0,0.0,3.5
-4.9,0.0,0.0,3.5
-4.8,0.0,0.0,3.5
-4.7,0.0,0.0,3.5
-4.6,0.0,0.0,3.5
-4.5,0.0,0.0,3.5
-4.4,0.0,0.0,3.5
-4.3,0.0,0.0,3.5
-4.2,0.0,0.0,3.5
-4.1,0.0,0.0,3.5
-4.0,0.0,0.0,3.5
-3.9,0.0,0.0,3.5
-3.8,0.0,0.0,3.5
-3.7,0.0,0.0,3.5
-3.6,0.0,0.0,3.5
-3.5,0.0,0.0,3.5
-3.4,0.0,0.0,3.5
-3.3,0.0,0.0,3.5
-3.2,0.0,0.0,3.5
-3.1,0.0,0.0,3.5
-3.0,0.0,0.0,3.5
-2.9,0.0,0.0,3.5
-2.8,0.0,0.0,3.5
-2.7,0.0,0.0,3.5
-2.6,0.0,0.0,3.5
-2.5,0.0,0.0,3.5
-2.4,0.0,0.0,3.5
-2.3,0.0,0.0,3.5
-2.2,0.0,0.0,3.5
-2.1,0.0,0.0,3.5
-2.0,0.0,0.0,3.5
-1.9,0.0,0.0,3.5
-1.8,0.0,0.0,3.5
-1.7,0.0,0.0,3.5
-1.6,0.0,0.0,3.5
-1.5,0.0,0.0,3.5
-1.4,0.0,0.0,3.5
-1.3,0.0,0.0,3.5
-1.2,0.0,0.0,3.5
-1.1,0.0,0.0,3.5
-1.0,0.0,0.0,3.5
-0.9,0.0,0.0,3.5
-0.8,0.0,0.0,3.5
-0.7,0.0,0.0,3.5
-0.6,0.0,0.0,3.5
-0.5,0.0,0.0,3.5
-0.4,0.0,0.0,3.5
-0.3,0.0,0.0,3.5
-0.2,0.0,0.0,3.5
-0.1,0.0,0.0,3.5
0.0,0.0,0.0,3.5
